date,open,high,close,low,volume,price_change,p_change,ma5,ma10,ma20,v_ma5,v_ma10,v_ma20,turnover
2018-08-27,63.08,63.68,63.47,62.72,585793.44,1.0,1.6,63.47,63.47,63.47,585793.44,585793.44,585793.44,0.54
2018-08-28,63.8,63.84,62.9,62.6,424944.22,-0.57,-0.9,63.185,63.185,63.185,505368.83,505368.83,505368.83,0.39
2018-08-29,62.68,63.3,63.01,62.65,278926.78,0.11,0.17,63.127,63.127,63.127,429888.15,429888.15,429888.15,0.26
2018-08-30,63.5,64.05,63.16,63.02,458496.34,0.15,0.24,63.135,63.135,63.135,437040.2,437040.2,437040.2,0.42
2018-08-31,62.4,63.43,62.98,62.2,521114.0,-0.18,-0.28,63.104,63.104,63.104,453854.96,453854.96,453854.96,0.48
2018-09-03,62.6,63.0,62.73,62.11,323790.59,-0.25,-0.4,62.956,63.042,63.042,401454.39,432177.56,432177.56,0.3
2018-09-04,62.85,64.93,64.8,62.54,658378.75,2.07,3.3,63.336,63.293,63.293,448141.29,464492.02,464492.02,0.61
2018-09-05,64.41,64.64,62.8,62.8,507437.19,-2.0,-3.09,63.294,63.231,63.231,493843.37,469860.16,469860.16,0.47
2018-09-06,62.1,62.52,61.32,61.01,457426.28,-0.86,-1.38,62.926,63.019,63.019,493629.36,468478.62,468478.62,0.42
2018-09-07,61.88,63.5,62.78,61.6,494711.66,1.46,2.38,62.886,62.995,62.995,488348.89,471101.93,471101.93,0.46
2018-09-10,62.6,62.87,62.03,61.6,323390.0,-0.75,-1.2,62.746,62.851,62.907,488268.78,444861.58,457673.57,0.3
2018-09-11,62.0,62.58,61.68,61.25,347070.56,-0.35,-0.56,62.122,62.729,62.805,426007.14,437074.22,448456.65,0.32
2018-09-12,61.31,61.46,60.6,60.28,435460.28,-1.08,-1.75,61.682,62.488,62.635,411611.76,452727.57,447456.93,0.4
2018-09-13,61.78,62.4,62.4,61.01,538847.0,1.8,2.97,61.898,62.412,62.619,427895.9,460762.63,453984.79,0.5
2018-09-14,62.57,63.76,63.3,62.42,558370.44,0.9,1.44,62.002,62.444,62.664,440627.66,464488.28,460943.84,0.52
2018-09-17,62.3,63.18,62.51,62.25,269595.88,-0.79,-1.25,62.098,62.422,62.654,429868.83,459068.8,448984.59,0.25
2018-09-18,62.15,64.3,64.12,62.1,635569.31,1.61,2.58,62.586,62.354,62.741,487568.58,456787.86,459960.16,0.59
2018-09-19,64.09,65.8,65.15,63.81,834705.06,1.03,1.61,63.496,62.589,62.874,567417.54,489514.65,480779.32,0.77
2018-09-20,65.2,65.56,64.8,64.61,418923.78,-0.35,-0.54,63.976,62.937,62.976,543432.89,485664.4,477523.77,0.39
2018-09-21,65.28,67.5,67.49,64.97,810431.06,2.69,4.15,64.814,63.408,63.202,593845.02,517236.34,494169.13,0.75
2018-09-25,66.9,67.73,67.19,66.48,578103.88,-0.3,-0.45,65.75,63.924,63.388,655546.62,542707.73,493784.65,0.53
2018-09-26,67.23,69.0,67.96,66.83,908525.5,0.77,1.15,66.518,64.552,63.641,710137.86,598853.22,517963.72,0.84
2018-09-27,67.73,67.75,67.2,66.86,623574.31,-0.76,-1.12,66.928,65.212,63.85,667911.71,617664.62,535196.09,0.58
2018-09-28,67.5,69.1,68.5,67.44,739523.88,1.3,1.94,67.668,65.822,64.117,732031.73,637732.31,549247.47,0.68
2018-10-08,66.8,66.84,64.78,64.71,1128444.75,-3.72,-5.43,67.126,65.97,64.207,795634.46,694739.74,579614.01,1.04
2018-10-09,64.63,65.38,65.0,64.33,486319.09,0.22,0.34,66.688,66.219,64.321,777277.51,716412.06,587740.43,0.45
2018-10-10,65.09,65.58,64.65,64.2,582799.0,-0.35,-0.54,66.026,66.272,64.313,712132.21,711135.03,583961.45,0.54
2018-10-11,62.1,63.2,61.85,61.38,1145327.5,-2.8,-4.33,64.956,65.942,64.266,816482.84,742197.28,615855.96,1.06
2018-10-12,62.5,64.25,63.87,62.3,774616.69,2.02,3.27,64.03,65.849,64.393,823501.41,777766.57,631715.48,0.72
2018-10-15,63.9,64.44,63.2,63.09,539743.25,-0.67,-1.05,63.714,65.42,64.414,705761.11,750697.79,633967.06,0.5
2018-10-16,63.35,65.18,64.0,63.33,584035.0,0.8,1.27,63.514,65.101,64.513,725304.29,751290.9,646999.31,0.54
2018-10-17,65.17,65.32,64.16,62.41,761401.94,0.16,0.25,63.416,64.721,64.637,761024.88,736578.54,667715.88,0.7
2018-10-18,63.49,63.52,62.45,62.25,603019.81,-1.71,-2.67,63.536,64.246,64.729,652563.34,734523.09,676093.86,0.56
2018-10-19,61.99,66.1,65.62,61.88,1138815.12,3.17,5.08,63.886,63.958,64.89,725403.02,774452.22,706092.26,1.05
2018-10-22,66.01,69.42,67.93,65.62,1616881.75,2.31,3.52,64.832,64.273,65.122,940830.72,823295.92,759017.83,1.49
2018-10-23,68.0,68.32,65.51,64.88,1172134.5,-2.42,-3.56,65.134,64.324,65.272,1058450.62,891877.46,804144.76,1.08
2018-10-24,65.78,67.85,66.25,65.56,810632.06,0.74,1.13,65.552,64.484,65.378,1068296.65,914660.76,812897.9,0.75
2018-10-25,64.2,66.66,66.66,64.2,736202.5,0.41,0.62,66.394,64.965,65.454,1094933.19,873748.26,807972.77,0.68
2018-10-26,66.3,66.77,65.54,64.38,797411.06,-1.12,-1.68,66.378,65.132,65.491,1026652.37,876027.7,826897.13,0.74
2018-10-29,65.87,65.99,62.0,61.9,1216419.38,-3.54,-5.4,65.192,65.012,65.216,946559.9,943695.31,847196.55,1.12
2018-10-30,60.0,64.63,62.8,59.5,1269208.25,0.8,1.29,64.65,64.892,64.997,965974.65,1012212.64,881751.77,1.17
2018-10-31,63.01,63.95,63.63,62.16,782835.25,0.83,1.32,64.126,64.839,64.78,960415.29,1014355.97,875467.25,0.72
2018-11-01,64.22,65.5,64.3,64.08,689871.06,0.67,1.05,63.654,65.024,64.635,951149.0,1023041.09,878782.09,0.64
2018-11-02,66.92,67.35,67.35,65.55,1173949.38,3.05,4.74,64.016,65.197,64.578,1026456.66,1026554.52,900503.37,1.08
2018-11-05,66.5,67.05,66.58,65.7,547131.88,-0.77,-1.14,64.932,65.062,64.668,892599.16,919579.53,871437.72,0.51
2018-11-06,66.2,66.8,66.8,65.8,385081.84,0.22,0.33,65.732,65.191,64.758,715773.88,840874.27,866375.86,0.36
2018-11-07,66.89,67.34,66.12,65.9,510658.44,-0.68,-1.02,66.23,65.178,64.831,661338.52,810876.9,862768.83,0.47
2018-11-08,66.93,67.17,66.3,66.0,504946.16,0.18,0.27,66.63,65.142,65.054,624353.54,787751.27,830749.77,0.47
2018-11-09,65.75,65.98,64.62,64.38,544689.69,-1.68,-2.53,66.084,65.05,65.091,498501.6,762479.13,819253.42,0.5
2018-11-12,64.4,65.14,64.66,63.75,458511.62,0.04,0.06,65.7,65.316,65.164,480777.55,686688.36,815191.83,0.42
2018-11-13,63.78,65.57,65.01,63.5,520997.94,0.35,0.54,65.342,65.537,65.215,507960.77,611867.33,812039.98,0.48
2018-11-14,65.05,65.09,63.95,63.6,573814.06,-1.06,-1.63,64.908,65.569,65.204,520591.89,590965.21,802660.59,0.53
2018-11-15,64.0,65.14,65.1,63.77,500579.88,1.15,1.8,64.668,65.649,65.337,519718.64,572036.09,797538.59,0.46
2018-11-16,65.0,66.39,65.25,64.69,619879.06,0.15,0.23,64.794,65.439,65.318,534756.51,516629.06,771591.79,0.57
2018-11-19,65.25,66.2,65.72,64.8,507628.91,0.47,0.72,65.006,65.353,65.208,544579.97,512678.76,716129.15,0.47
2018-11-20,65.0,65.44,64.1,63.91,591762.56,-1.62,-2.46,64.824,65.083,65.137,558732.89,533346.83,687110.55,0.55
2018-11-21,63.53,64.14,64.01,63.53,385249.31,-0.09,-0.14,64.836,64.872,65.025,521019.94,520805.92,665841.41,0.36
2018-11-22,64.18,64.2,63.14,62.82,443683.53,-0.87,-1.36,64.444,64.556,64.849,509640.67,514679.66,651215.46,0.41
2018-11-23,63.15,63.59,62.64,62.52,372335.16,-0.5,-0.79,63.922,64.358,64.704,460131.89,497444.2,629961.67,0.34
2018-11-26,63.0,63.87,63.2,62.8,369989.06,0.56,0.89,63.418,64.212,64.764,432603.92,488591.95,587640.15,0.34
2018-11-27,63.31,63.88,63.11,62.91,375596.84,-0.09,-0.14,63.22,64.022,64.78,389370.78,474051.84,542959.58,0.35
2018-11-28,63.12,63.96,63.77,63.01,411690.31,0.66,1.05,63.172,64.004,64.787,394658.98,457839.46,524402.33,0.38
2018-11-29,64.3,64.38,63.05,63.0,386653.88,-0.72,-1.13,63.154,63.799,64.724,383253.05,446446.86,509241.48,0.36
2018-11-30,63.06,63.65,63.49,62.9,349171.09,0.44,0.7,63.324,63.623,64.531,378620.24,419376.07,468002.56,0.32
2018-12-03,65.2,66.05,64.99,64.77,1121943.0,1.5,2.36,63.682,63.55,64.452,529011.02,480807.47,496743.12,1.04
2018-12-04,64.95,65.08,64.89,64.16,562473.12,-0.1,-0.15,64.038,63.629,64.356,566386.28,477878.53,505612.68,0.52
2018-12-05,64.05,64.6,64.25,63.98,450207.12,-0.64,-0.99,64.134,63.653,64.263,574089.64,484374.31,502590.12,0.42
2018-12-06,63.66,63.88,63.0,62.89,585865.12,-1.25,-1.95,64.124,63.639,64.098,613931.89,498592.47,506636.06,0.54
2018-12-07,63.32,63.53,63.0,62.98,270297.16,0.0,0.0,64.026,63.675,64.017,598157.1,488388.67,492916.44,0.25
2018-12-10,62.5,62.68,62.18,61.82,494650.59,-0.82,-1.3,63.464,63.573,63.893,472698.62,500854.82,494723.39,0.46
2018-12-11,62.18,62.57,62.17,61.82,419948.88,-0.01,-0.02,62.92,63.479,63.751,444193.77,505290.03,489670.93,0.39
2018-12-12,62.8,62.83,62.46,62.04,387392.31,0.29,0.47,62.562,63.348,63.676,431630.81,502860.23,480349.84,0.36
2018-12-13,62.7,63.5,63.2,62.4,782754.19,0.74,1.19,62.602,63.363,63.581,471008.63,542470.26,494458.56,0.72
2018-12-14,62.9,62.94,61.94,61.73,750755.56,-1.26,-1.99,62.39,63.208,63.416,567100.31,582628.71,501002.39,0.69
2018-12-17,61.87,62.26,61.27,61.03,712131.38,-0.67,-1.08,62.208,62.836,63.193,610596.46,541647.54,511227.51,0.66
2018-12-18,60.9,61.68,60.85,60.47,532302.06,-0.42,-0.69,61.944,62.432,63.031,633067.1,538630.44,508254.48,0.49
2018-12-19,61.0,61.26,60.12,59.88,515538.16,-0.73,-1.2,61.476,62.019,62.836,658696.27,545163.54,514768.93,0.48
2018-12-20,59.95,60.18,59.0,58.58,806955.81,-1.12,-1.86,60.636,61.619,62.629,663536.59,567272.61,532932.54,0.74
2018-12-21,58.75,58.85,58.34,57.45,739127.88,-0.66,-1.12,59.916,61.153,62.414,661211.06,614155.68,551272.18,0.68
2018-12-24,58.0,58.3,58.25,57.75,358748.41,-0.09,-0.15,59.312,60.76,62.167,590534.46,600565.46,550710.14,0.33
2018-12-25,57.54,58.78,58.21,56.88,664633.19,-0.04,-0.07,58.784,60.364,61.922,617000.69,625033.9,565161.96,0.61
2018-12-26,58.17,58.25,57.3,57.2,397821.34,-0.91,-1.56,58.22,59.848,61.598,593457.33,626076.8,564468.51,0.37
2018-12-27,58.28,58.38,56.9,56.9,751890.5,-0.4,-0.7,57.8,59.218,61.291,582444.26,622990.43,582730.34,0.69
2018-12-28,57.0,57.23,56.1,56.1,914988.06,-0.8,-1.41,57.352,58.634,60.921,617616.3,639413.68,611021.19,0.84
2019-01-02,56.04,56.18,55.18,54.94,825542.44,-0.92,-1.64,56.738,58.025,60.431,710975.11,650754.79,596201.16,0.76
2019-01-03,55.15,56.33,55.68,55.06,692711.25,0.5,0.91,56.232,57.508,59.97,716590.72,666795.7,602713.07,0.64
2019-01-04,55.28,57.0,56.59,55.23,1129855.88,0.91,1.63,56.09,57.155,59.587,862997.63,728227.48,636695.51,1.04
2019-01-07,57.09,57.17,56.3,55.9,765930.06,-0.29,-0.51,55.97,56.885,59.252,865805.54,724124.9,645698.76,0.71
2019-01-08,56.05,56.09,55.8,55.2,559920.94,-0.5,-0.89,55.91,56.631,58.892,794792.11,706204.21,660179.94,0.52
2019-01-09,56.2,57.6,56.95,55.96,819146.12,1.15,2.06,56.264,56.501,58.631,793512.85,752243.98,676404.72,0.76
2019-01-10,56.87,57.82,57.5,56.55,673282.25,0.55,0.97,56.628,56.43,58.397,789627.05,753108.88,689071.39,0.62
2019-01-11,58.0,58.29,58.07,57.5,457569.72,0.57,0.99,56.924,56.507,58.178,655169.82,759083.72,692580.26,0.42
2019-01-14,57.74,57.95,57.12,56.9,475326.5,-0.95,-1.64,57.088,56.529,57.874,597049.11,731427.32,677208.88,0.44
2019-01-15,57.26,58.69,58.59,57.06,586264.88,1.47,2.57,57.646,56.778,57.706,602317.89,698555.0,668984.34,0.54
2019-01-16,58.42,58.96,58.74,58.01,404111.84,0.15,0.26,58.004,57.134,57.58,519311.04,656411.94,653583.36,0.37
2019-01-17,59.05,59.8,58.73,58.56,535050.38,-0.01,-0.02,58.25,57.439,57.474,491664.66,640645.86,653720.78,0.49
2019-01-18,59.23,60.02,59.92,58.69,561756.62,1.19,2.03,58.62,57.772,57.464,512502.04,583835.93,656031.7,0.52
2019-01-21,59.93,61.11,60.79,59.85,559842.75,0.87,1.45,59.354,58.221,57.553,529405.29,563227.2,643676.05,0.52
2019-01-22,60.6,60.64,60.07,59.74,419507.62,-0.72,-1.18,59.65,58.648,57.64,496053.84,549185.87,627695.04,0.39
2019-01-23,59.82,60.4,59.49,59.45,374932.62,-0.58,-0.97,59.8,58.902,57.702,490218.0,504764.52,628504.25,0.35
2019-01-24,59.61,60.52,60.43,59.22,449406.19,0.94,1.58,60.14,59.195,57.813,473089.16,482376.91,617742.9,0.41
2019-01-25,60.5,61.78,61.29,60.43,672459.12,0.86,1.42,60.414,59.517,58.012,495229.66,503865.85,631474.79,0.62
2019-01-28,61.8,62.41,61.52,61.2,581648.81,0.23,0.38,60.56,59.957,58.243,499590.87,514498.08,622962.7,0.54
2019-01-29,61.38,61.9,61.65,60.98,395192.94,0.13,0.21,60.876,60.263,58.521,494727.94,495390.89,596972.95,0.36
2019-01-30,60.88,61.86,61.25,60.78,310003.22,-0.4,-0.65,61.228,60.514,58.824,481742.06,485980.03,571195.99,0.29
2019-01-31,61.8,63.19,62.98,61.55,692265.31,1.73,2.82,61.738,60.939,59.189,530313.88,501701.52,571173.69,0.64
2019-02-01,63.5,63.78,63.21,62.85,437924.69,0.23,0.36,62.122,61.268,59.52,483406.99,489318.33,536577.13,0.4
2019-02-11,62.88,64.51,64.39,62.88,541815.5,1.18,1.87,62.696,61.628,59.925,475440.33,487515.6,525371.4,0.5
2019-02-12,64.4,64.42,64.27,63.69,385193.06,-0.12,-0.19,63.22,62.048,60.348,473440.36,484084.15,516635.01,0.36
2019-02-13,64.66,65.4,65.02,64.03,578658.12,0.75,1.17,63.974,62.601,60.752,527171.34,504456.7,504610.61,0.53
2019-02-14,64.88,65.4,65.1,64.78,396202.78,0.08,0.12,64.398,63.068,61.132,467958.83,499136.36,490756.63,0.37
2019-02-15,64.8,65.01,63.25,63.22,534011.5,-1.85,-2.84,64.406,63.264,61.391,487176.19,485291.59,494578.72,0.49
2019-02-18,63.9,65.42,65.29,63.78,721361.06,2.04,3.23,64.586,63.641,61.799,523085.3,499262.82,506880.45,0.67
2019-02-19,65.58,67.27,65.68,65.28,785951.44,0.39,0.6,64.868,64.044,62.154,603236.98,538338.67,516864.78,0.73
2019-02-20,66.3,66.38,65.88,65.19,393508.81,0.2,0.3,65.04,64.507,62.511,566207.12,546689.23,516334.63,0.36
2019-02-21,65.8,66.68,65.39,65.09,543694.0,-0.49,-0.74,65.098,64.748,62.844,595705.36,531832.1,516766.81,0.5
2019-02-22,65.36,67.07,67.02,64.8,762218.88,1.63,2.49,65.852,65.129,63.199,641346.84,564261.52,526789.92,0.7
2019-02-25,68.22,73.0,73.0,68.14,2222382.5,5.98,8.92,67.394,65.99,63.809,941551.13,732318.22,609916.91,2.05
2019-02-26,71.71,72.6,70.01,69.92,1555638.75,-2.99,-4.1,68.26,66.564,64.306,1095488.59,849362.78,666723.47,1.44
2019-02-27,70.3,71.43,69.98,68.99,1017663.56,-0.03,-0.04,69.08,67.06,64.831,1220319.54,893263.33,698860.01,0.94
2019-02-28,69.98,70.95,70.01,69.41,598889.69,0.03,0.04,70.004,67.551,65.31,1231358.68,913532.02,706334.19,0.55
2019-03-01,70.69,72.6,72.39,70.25,920751.81,2.38,3.4,71.078,68.465,65.865,1263065.26,952206.05,718748.82,0.85
2019-03-04,73.0,75.1,72.58,72.21,1263275.0,0.19,0.26,70.994,69.194,66.418,1071243.76,1006397.44,752830.13,1.17
2019-03-05,72.48,72.74,72.07,71.57,659680.38,-0.51,-0.7,71.406,69.833,66.939,892052.09,993770.34,766054.5,0.61
2019-03-06,72.39,72.48,72.16,71.11,784653.62,0.09,0.12,71.842,70.461,67.484,845450.1,1032884.82,789787.02,0.72
2019-03-07,72.15,72.15,70.29,70.0,1013473.06,-1.87,-2.59,71.898,70.951,67.85,928366.77,1079862.73,805847.41,0.94
2019-03-08,68.66,70.2,68.7,68.25,913256.06,-1.59,-2.26,71.16,71.119,68.124,926867.62,1094966.44,829613.98,0.84
2019-03-11,68.8,69.69,68.79,68.22,751857.62,0.09,0.13,70.402,70.698,68.344,824584.15,947913.96,840116.09,0.69
2019-03-12,69.6,70.92,69.25,68.96,969219.0,0.46,0.67,69.838,70.622,68.593,886491.87,889271.98,869317.38,0.89
2019-03-13,71.38,72.1,71.54,70.27,1405464.12,2.29,3.31,69.714,70.778,68.919,1010653.97,928052.04,910657.68,1.3
2019-03-14,71.77,73.2,72.8,71.7,1055970.38,1.26,1.76,70.216,71.057,69.304,1019153.44,973760.11,943646.06,0.97
2019-03-15,73.1,75.5,73.85,73.08,1255246.38,1.05,1.44,71.246,71.203,69.834,1087551.5,1007209.56,979707.81,1.16
2019-03-18,74.43,75.34,75.0,73.45,1156392.12,1.15,1.56,72.488,71.445,70.32,1168458.4,996521.27,1001459.36,1.07
2019-03-19,75.73,76.85,75.35,74.96,1012096.56,0.35,0.47,73.708,71.773,70.803,1177033.91,1031762.89,1012766.62,0.93
2019-03-20,75.06,77.48,76.55,74.75,1078439.12,1.2,1.59,74.71,72.212,71.337,1111628.91,1061141.44,1047013.13,1.0
2019-03-21,77.0,77.25,75.8,75.6,846258.75,-0.75,-0.98,75.31,72.763,71.857,1069686.59,1044420.01,1062141.37,0.78
2019-03-22,75.76,76.26,74.72,74.06,772004.25,-1.08,-1.43,75.484,73.365,72.242,973038.16,1030294.83,1062630.64,0.71
2019-03-25,73.41,73.99,72.29,72.18,991052.38,-2.43,-3.25,74.942,73.715,72.207,939970.21,1054214.31,1001064.13,0.91
2019-03-26,72.99,73.23,72.69,72.15,634474.75,0.4,0.55,74.41,74.059,72.341,864445.85,1020739.88,955005.93,0.59
2019-03-27,73.2,74.63,74.22,72.7,759817.75,1.53,2.1,73.944,74.327,72.553,800721.58,956175.24,942113.64,0.7
2019-03-28,73.4,73.94,73.4,72.88,484208.75,-0.82,-1.1,73.464,74.387,72.722,728311.58,898999.08,936379.59,0.45
2019-03-29,74.1,77.1,77.1,74.1,1429355.25,3.7,5.04,73.94,74.712,72.958,859781.78,916409.97,961809.77,1.32
2019-04-01,78.0,79.23,78.6,77.5,1168113.5,1.5,1.95,75.202,75.072,73.259,895194.0,917582.11,957051.69,1.08
2019-04-02,78.54,79.0,78.96,78.05,771175.38,0.36,0.46,76.456,75.433,73.603,922534.13,893489.99,962626.44,0.71
2019-04-03,78.48,80.15,79.86,78.37,760219.81,0.9,1.14,77.584,75.764,73.988,922614.54,861668.06,961404.75,0.7
2019-04-04,80.08,80.96,80.2,79.25,795626.0,0.34,0.43,78.944,76.204,74.484,984897.99,856604.78,950512.4,0.73
2019-04-08,80.7,82.25,80.59,80.02,916122.31,0.39,0.49,79.642,76.791,75.078,882251.4,871016.59,950655.71,0.85
2019-04-09,80.4,82.0,81.1,80.37,601737.88,0.51,0.63,80.142,77.672,75.694,768976.28,832085.14,943149.72,0.56
2019-04-10,80.8,82.11,82.03,79.66,783620.38,0.93,1.15,80.756,78.606,76.333,771465.28,846999.7,933869.79,0.72
2019-04-11,82.65,83.62,80.71,80.16,756628.88,-1.32,-1.61,80.926,79.255,76.791,770747.09,846680.81,901428.03,0.7
2019-04-12,80.35,81.16,80.44,79.9,526779.38,-0.27,-0.34,80.974,79.959,77.173,716977.77,850937.88,874968.48,0.49
2019-04-15,82.23,83.88,81.66,81.6,989953.0,1.22,1.52,81.188,80.415,77.564,731743.9,806997.65,861703.81,0.91
2019-04-16,81.22,85.13,85.01,80.9,1036222.75,3.35,4.1,81.97,81.056,78.064,818640.88,793808.58,855695.34,0.96
2019-04-17,84.92,85.35,84.48,83.8,631915.62,-0.53,-0.62,82.46,81.608,78.521,788299.93,779882.6,836686.29,0.58
2019-04-18,84.69,85.02,84.3,83.88,397287.03,-0.18,-0.21,83.178,82.052,78.908,716431.56,743589.32,802628.69,0.37
2019-04-19,85.27,87.0,87.0,84.2,789131.94,2.7,3.2,84.49,82.732,79.468,768902.07,742939.92,799772.35,0.73
2019-04-22,87.22,88.09,84.96,84.5,932115.19,-2.04,-2.35,85.15,83.169,79.98,757334.51,744539.21,807777.9,0.86
2019-04-23,84.75,87.38,86.06,84.5,678116.38,1.1,1.29,85.36,83.665,80.669,685713.23,752177.06,792131.1,0.63
2019-04-24,86.08,86.88,85.03,83.55,812851.88,-1.03,-1.2,85.47,83.965,81.286,721900.48,755100.21,801049.95,0.75
2019-04-25,84.35,84.99,83.4,83.15,655769.25,-1.63,-1.92,85.29,84.234,81.745,773596.93,745014.24,795847.53,0.61
2019-04-26,83.0,84.43,83.11,82.8,648959.06,-0.29,-0.35,84.512,84.501,82.23,745562.35,757232.21,804085.04,0.6
2019-04-29,83.88,87.13,86.43,83.3,946576.0,3.32,4.0,84.806,84.978,82.697,748454.51,752894.51,779946.08,0.87
2019-04-30,86.5,87.48,86.1,84.53,917902.0,-0.33,-0.38,84.814,85.087,83.072,796411.64,741062.44,767435.51,0.85
2019-05-06,82.8,83.6,81.2,79.66,1808609.5,-4.9,-5.69,84.048,84.759,83.184,995563.16,858731.82,819307.21,1.67
2019-05-07,81.78,82.28,81.17,79.89,974951.31,-0.03,-0.04,83.602,84.446,83.249,1059399.57,916498.25,830043.79,0.9
2019-05-08,78.73,80.55,78.78,78.38,868375.75,-2.39,-2.94,82.736,83.624,83.178,1103282.91,924422.63,833681.27,0.8
2019-05-09,78.26,78.26,76.66,76.11,1125721.88,-2.12,-2.69,80.782,82.794,82.982,1139112.09,943783.3,844161.25,1.04
2019-05-10,77.95,81.87,81.38,77.3,1392098.25,4.72,6.16,79.838,82.326,82.996,1233951.34,1015181.49,883679.27,1.29
2019-05-13,79.25,80.18,78.65,78.5,842350.81,-2.73,-3.35,79.328,81.688,82.827,1040699.6,1018131.38,886615.79,0.78
2019-05-14,77.96,79.4,78.3,77.85,782781.38,-0.35,-0.45,78.754,81.178,82.706,1002265.61,1030832.59,887923.42,0.72
2019-05-15,78.95,81.37,80.54,78.9,803300.25,2.24,2.86,79.106,80.921,82.711,989250.51,1046266.71,901749.46,0.74
2019-05-16,80.82,81.53,80.97,80.0,630831.38,0.43,0.53,79.968,80.375,82.677,890272.41,1014692.25,883793.38,0.58
2019-05-17,81.06,81.2,79.1,78.98,685802.0,-1.87,-2.31,79.512,79.675,82.381,749013.16,991482.25,866272.34,0.63
2019-05-20,78.5,79.28,77.87,77.19,745003.88,-1.23,-1.55,79.356,79.342,82.051,729543.78,885121.69,871926.76,0.69
2019-05-21,78.05,79.25,78.2,77.68,630197.94,0.33,0.42,79.336,79.045,81.746,699027.09,850646.35,883572.3,0.58
2019-05-22,78.22,78.5,77.64,77.2,516731.94,-0.56,-0.72,78.756,78.931,81.278,641713.43,815481.97,869952.3,0.48
2019-05-23,76.5,76.83,75.44,75.05,645670.75,-1.1,-1.44,77.65,78.809,80.802,644681.3,767476.86,855630.08,0.6
2019-05-24,75.9,77.27,76.5,75.8,512353.16,1.06,1.41,77.13,78.321,80.324,609991.53,679502.35,847341.92,0.47
2019-05-27,76.25,77.66,77.18,75.35,589731.75,0.68,0.89,76.992,78.174,79.931,578937.11,654240.44,836185.91,0.54
2019-05-28,77.44,78.77,78.19,77.21,893839.94,1.01,1.31,76.99,78.163,79.671,631665.51,665346.3,848089.45,0.83
2019-05-29,77.5,80.98,79.78,77.18,968273.19,1.59,2.03,77.418,78.087,79.504,721973.76,681843.59,864055.15,0.89
2019-05-30,79.4,79.75,79.09,78.59,488476.69,-0.69,-0.86,78.148,77.899,79.137,690534.95,667608.12,841150.19,0.45
2019-05-31,79.15,80.57,79.0,79.0,496669.91,-0.09,-0.11,78.648,77.889,78.782,687398.3,648694.92,820088.58,0.46
2019-06-03,79.77,80.2,79.25,78.69,521308.34,0.25,0.32,79.062,78.027,78.685,673713.61,626325.36,755723.53,0.48
2019-06-04,79.18,79.48,77.97,77.86,512121.47,-1.28,-1.61,79.018,78.004,78.525,597369.92,614517.71,732582.03,0.47
2019-06-05,78.75,78.9,77.5,77.46,487171.31,-0.47,-0.6,78.562,77.99,78.461,501149.54,611561.65,713521.81,0.45
2019-06-06,77.75,77.9,77.11,76.88,422522.97,-0.39,-0.5,78.166,78.157,78.483,487958.8,589246.87,678361.87,0.39
2019-06-10,77.79,79.38,79.1,77.49,645748.06,1.99,2.58,78.186,78.417,78.369,517774.43,602586.36,641044.36,0.6
2019-06-11,79.26,81.91,81.7,79.13,941317.62,2.6,3.29,78.676,78.869,78.522,601776.29,637744.95,645992.7,0.87
2019-06-12,81.1,81.42,80.52,80.33,477952.94,-1.18,-1.44,79.186,79.102,78.633,594942.58,596156.25,630751.27,0.44
2019-06-13,80.8,81.0,80.49,79.8,461455.84,-0.03,-0.04,79.784,79.173,78.63,589799.49,545474.52,613659.05,0.43
2019-06-14,80.51,81.05,79.75,79.67,408732.97,-0.74,-0.92,80.312,79.239,78.569,587041.49,537500.14,602554.13,0.38
2019-06-17,79.8,80.67,79.92,79.5,363881.72,0.17,0.21,80.476,79.331,78.61,530668.22,524221.32,586458.12,0.34
2019-06-18,80.12,81.18,80.97,79.85,464073.62,1.05,1.31,80.33,79.503,78.765,435219.42,518497.85,572411.61,0.43
2019-06-19,84.01,84.57,83.54,83.5,1118715.88,2.57,3.17,80.934,80.06,79.032,563372.01,579157.29,596837.5,1.03
2019-06-20,83.92,88.5,88.5,83.92,1533213.38,4.96,5.94,82.536,81.16,79.575,777723.51,683761.5,647661.58,1.42
2019-06-21,87.95,88.56,87.97,87.23,858060.12,-0.53,-0.6,84.18,82.246,80.202,867588.94,727315.22,658281.04,0.79
2019-06-24,87.9,88.54,88.21,87.22,594052.0,0.24,0.27,85.838,83.157,80.787,913623.0,722145.61,662365.99,0.55
2019-06-25,88.1,88.18,86.63,85.32,1051936.5,-1.58,-1.79,86.97,83.65,81.26,1031195.58,733207.5,685476.22,0.97
2019-06-26,86.75,87.3,86.4,86.4,457630.34,-0.23,-0.27,87.542,84.238,81.67,898978.47,731175.24,663665.74,0.42
2019-06-27,87.0,88.47,88.05,86.99,814545.5,1.65,1.91,87.452,84.994,82.084,755244.89,766484.2,655979.36,0.75
2019-06-28,87.96,89.32,88.61,87.63,595534.38,0.56,0.64,87.58,85.88,82.56,702739.74,785164.34,661332.24,0.55
2019-07-01,90.6,92.47,91.84,90.6,926097.5,3.23,3.65,88.306,87.072,83.202,769148.84,841385.92,682803.62,0.85
2019-07-02,91.69,91.69,91.06,90.88,606496.56,-0.78,-0.85,89.192,88.081,83.792,680060.86,855628.22,687063.03,0.56
2019-07-03,91.16,91.6,90.66,89.8,650988.0,-0.4,-0.44,90.044,88.793,84.427,718732.39,808855.43,694006.36,0.6
2019-07-04,90.7,91.14,89.9,89.35,593667.25,-0.76,-0.84,90.414,88.933,85.047,674556.74,714900.82,699331.16,0.55
2019-07-05,90.0,91.14,90.85,89.83,510522.41,0.95,1.06,90.862,89.221,85.734,657554.34,680147.04,703731.13,0.47
2019-07-08,89.99,89.99,88.59,87.78,787765.5,-2.26,-2.49,90.212,89.259,86.208,629887.94,699518.39,710832.0,0.73
2019-07-09,88.68,88.85,87.53,86.99,557034.31,-1.06,-1.2,89.506,89.349,86.5,619995.49,650028.18,691617.84,0.51
2019-07-10,88.19,88.21,87.88,87.52,356164.59,0.35,0.4,88.95,89.497,86.868,561030.81,639881.6,685528.42,0.33
2019-07-11,88.49,89.3,87.98,87.69,514868.88,0.1,0.11,88.566,89.49,87.242,545271.14,609913.94,688199.07,0.48
2019-07-12,88.15,89.47,88.75,88.15,576717.75,0.77,0.88,88.146,89.504,87.692,558510.21,608032.28,696598.31,0.53
2019-07-15,88.1,88.77,88.08,86.62,594525.88,-0.67,-0.76,88.044,89.128,88.1,519862.28,574875.11,708130.52,0.55
2019-07-16,87.97,88.18,86.95,86.9,430869.22,-1.13,-1.28,87.928,88.717,88.399,494629.26,557312.38,706470.3,0.4
2019-07-17,86.95,87.58,86.99,86.4,438349.56,0.04,0.05,87.75,88.35,88.572,511066.26,536048.54,672451.98,0.4
2019-07-18,86.6,87.39,86.73,86.33,377816.66,-0.26,-0.3,87.5,88.033,88.483,483655.81,514463.48,614682.15,0.35
2019-07-19,87.31,88.7,88.35,87.31,603591.0,1.62,1.87,87.42,87.783,88.502,489030.46,523770.34,601958.69,0.56
2019-07-22,88.32,88.98,87.68,87.68,426227.25,-0.67,-0.76,87.34,87.692,88.476,455370.74,487616.51,593567.45,0.39
2019-07-23,87.91,88.2,87.5,87.1,381829.88,-0.18,-0.2,87.45,87.689,88.519,445562.87,470096.07,560062.12,0.35
2019-07-24,87.97,89.46,88.85,87.8,594578.75,1.35,1.54,87.822,87.786,88.642,476808.71,493937.48,566909.54,0.55
2019-07-25,89.1,89.55,89.41,88.54,456061.84,0.56,0.63,88.358,87.929,88.71,492457.74,488056.78,548985.36,0.42
2019-07-26,88.82,90.17,90.1,88.82,461534.38,0.69,0.77,88.708,88.064,88.784,464046.42,476538.44,542285.36,0.43
2019-07-29,89.84,90.08,89.45,89.05,368246.44,-0.65,-0.72,89.062,88.201,88.665,452450.26,453910.5,514392.81,0.34
2019-07-30,90.35,90.9,89.98,89.68,464799.47,0.53,0.59,89.558,88.504,88.611,469044.18,457303.52,507307.95,0.43
2019-07-31,89.41,89.5,88.09,87.88,592754.81,-1.89,-2.1,89.406,88.614,88.482,468679.39,472744.05,504396.29,0.55
2019-08-01,87.5,88.34,87.51,87.01,427596.81,-0.58,-0.66,89.026,88.692,88.363,462986.38,477722.06,496092.77,0.39
2019-08-02,86.1,86.49,86.03,85.5,728970.94,-1.48,-1.69,88.212,88.46,88.122,516473.69,490260.06,507015.2,0.67
2019-08-05,85.06,85.86,84.61,84.58,684847.0,-1.42,-1.65,87.244,88.153,87.923,579793.81,516122.03,501869.27,0.63
2019-08-06,83.1,84.88,84.51,82.15,1010340.81,-0.1,-0.12,86.15,87.854,87.772,688902.07,578973.13,524534.6,0.93
2019-08-07,84.81,84.95,83.47,83.35,532355.75,-1.04,-1.23,85.226,87.316,87.551,676822.26,572750.83,533344.15,0.49
2019-08-08,83.99,84.55,84.51,83.4,567264.31,1.04,1.25,84.626,86.826,87.378,704755.76,583871.07,535963.93,0.52
2019-08-09,85.1,85.28,84.35,84.02,449361.81,-0.16,-0.19,84.29,86.251,87.158,648833.94,582653.82,529596.13,0.41
2019-08-12,84.46,86.77,86.5,84.46,594238.56,2.15,2.55,84.668,85.956,87.079,630712.25,605253.03,529581.76,0.55
2019-08-13,85.95,86.25,85.01,84.77,515017.72,-1.49,-1.72,84.768,85.459,86.982,531647.63,610274.85,533789.19,0.48
2019-08-14,86.38,86.57,85.04,85.01,533363.44,0.03,0.04,85.082,85.154,86.884,531849.17,604335.72,538539.88,0.49
2019-08-15,83.8,86.34,86.31,83.53,702273.75,1.27,1.49,85.442,85.034,86.863,558851.06,631803.41,554762.74,0.65
2019-08-16,87.0,88.3,87.46,86.35,932311.56,1.15,1.33,86.064,85.177,86.819,655441.01,652137.47,571198.76,0.86
2019-08-19,88.3,88.46,88.45,87.25,837354.75,0.99,1.13,86.454,85.561,86.857,704064.24,667388.25,591755.14,0.77
2019-08-20,88.3,88.33,87.94,87.62,504393.59,-0.51,-0.58,87.04,85.904,86.879,701939.42,616793.52,597883.32,0.47
2019-08-21,87.65,88.17,87.73,87.35,335320.72,-0.21,-0.24,87.578,86.33,86.823,662330.87,597090.02,584920.42,0.31
2019-08-22,87.86,88.08,87.98,87.4,365037.38,0.25,0.28,87.912,86.677,86.752,594883.6,576867.33,580369.2,0.34
2019-08-23,87.95,90.26,89.89,87.82,885689.75,1.91,2.17,88.398,87.231,86.741,585559.24,620500.12,601576.97,0.82
2019-08-26,88.3,88.6,87.5,87.15,990268.44,-2.39,-2.66,88.208,87.331,86.644,616141.98,660103.11,632678.07,0.91
2019-08-27,88.05,88.8,87.68,87.57,767827.0,0.18,0.21,88.156,87.598,86.529,668828.66,685384.04,647829.45,0.71
2019-08-28,87.61,87.92,86.9,86.85,516092.31,-0.78,-0.89,87.99,87.784,86.469,704982.98,683656.93,643996.32,0.48
2019-08-29,87.15,87.48,86.7,86.17,464332.0,-0.2,-0.23,87.734,87.823,86.429,724841.9,659862.75,645833.08,0.43
2019-08-30,87.7,88.15,87.32,86.41,564655.12,0.62,0.71,87.22,87.809,86.493,660634.97,623097.11,637617.29,0.52
2019-09-02,87.0,88.88,88.5,86.88,635806.12,1.18,1.35,87.42,87.814,86.688,589742.51,602942.24,635165.24,0.59
2019-09-03,88.6,88.9,88.25,87.79,512751.97,-0.25,-0.28,87.534,87.845,86.875,538727.5,603778.08,610285.8,0.47
2019-09-04,87.83,88.4,88.3,87.22,605954.0,0.8,0.91,87.814,87.902,87.116,556699.84,630841.41,613965.72,0.56
2019-09-05,88.8,90.31,89.23,88.31,1007565.56,0.93,1.05,88.32,88.027,87.352,665346.55,695094.23,635980.78,0.93
2019-09-06,89.95,90.7,90.7,89.28,688752.44,1.47,1.65,88.996,88.108,87.67,690166.02,675400.5,647950.31,0.64
2019-09-09,91.37,91.53,90.4,89.98,702401.5,-0.3,-0.33,89.376,88.398,87.865,703485.09,646613.8,653358.46,0.65
2019-09-10,90.49,90.55,89.44,88.9,484548.25,-0.96,-1.06,89.614,88.574,88.086,697844.35,618285.93,651834.98,0.45
2019-09-11,89.8,90.08,89.56,88.75,455860.03,0.12,0.13,89.866,88.84,88.312,667825.56,612262.7,647959.81,0.42
2019-09-12,90.09,92.5,92.34,89.75,793048.5,2.78,3.1,90.488,89.404,88.614,624922.14,645134.35,652498.55,0.73
2019-09-16,92.3,92.33,91.35,91.12,548413.0,-0.99,-1.07,90.618,89.807,88.808,596854.26,643510.14,633303.62,0.51
2019-09-17,90.9,90.92,89.52,89.22,640333.5,-1.83,-2.0,90.442,89.909,88.862,584440.66,643962.88,623452.56,0.59
2019-09-18,89.82,90.48,90.0,89.58,419771.16,0.48,0.54,90.554,90.084,88.965,571485.24,634664.79,619221.44,0.39
2019-09-19,90.5,90.62,89.6,89.01,421580.0,-0.4,-0.44,90.562,90.214,89.058,564629.23,616227.39,623534.4,0.39
2019-09-20,89.89,90.29,89.85,89.45,456923.19,0.25,0.28,90.064,90.276,89.152,497404.17,561163.16,628128.69,0.42
2019-09-23,89.44,89.44,88.91,88.15,513667.19,-0.94,-1.05,89.576,90.097,89.103,490455.01,543654.63,609527.56,0.47
2019-09-24,89.0,89.41,88.95,88.4,405350.97,0.04,0.04,89.462,89.952,89.175,443458.5,513949.58,580281.69,0.37
2019-09-25,88.39,89.17,88.78,88.15,388584.0,-0.17,-0.19,89.218,89.886,89.23,437221.07,504353.15,561319.54,0.36
2019-09-26,89.2,89.77,88.35,88.33,486370.78,-0.43,-0.48,88.968,89.765,89.303,450179.23,507404.23,559833.46,0.45
2019-09-27,88.53,88.68,88.3,87.88,329554.12,-0.05,-0.06,88.658,89.361,89.383,424705.41,461054.79,553094.57,0.3
2019-09-30,87.94,88.19,87.04,87.01,460784.53,-1.26,-1.43,88.284,88.93,89.369,414128.88,452291.94,547901.04,0.43
2019-10-08,87.14,88.72,88.0,87.1,405313.09,0.96,1.1,88.094,88.778,89.344,414121.3,428789.9,536376.39,0.37
2019-10-09,87.44,88.6,88.18,87.33,360580.5,0.18,0.2,87.974,88.596,89.34,408520.6,422870.84,528767.82,0.33
2019-10-10,88.19,88.65,88.5,87.51,340927.31,0.32,0.36,88.004,88.486,89.35,379431.91,414805.57,515516.48,0.31
2019-10-11,88.89,90.27,89.9,88.5,600475.56,1.4,1.58,88.324,88.491,89.384,433616.2,429160.81,495161.98,0.55
2019-10-14,90.8,91.45,90.45,90.18,630443.06,0.55,0.61,89.006,88.645,89.371,467547.9,440838.39,492246.51,0.58
2019-10-15,90.8,90.8,90.2,89.94,350873.94,-0.25,-0.28,89.446,88.77,89.361,456660.07,435390.69,474670.13,0.32
2019-10-16,90.7,91.82,90.58,90.48,499077.12,0.38,0.42,89.926,88.95,89.418,484359.4,446440.0,475396.58,0.46
2019-10-17,91.2,92.17,91.72,90.6,619425.06,1.14,1.26,90.57,89.287,89.526,540058.95,459745.43,483574.83,0.57
2019-10-18,92.3,92.45,89.75,89.68,590912.88,-1.97,-2.15,90.54,89.432,89.397,538146.41,485881.31,473468.05,0.55
2019-10-21,89.47,90.45,90.07,88.93,360899.78,0.32,0.36,90.464,89.735,89.333,484237.76,475892.83,464092.39,0.33
2019-10-22,90.79,90.79,90.29,89.58,310788.66,0.22,0.24,90.482,89.964,89.371,476220.7,466440.39,447615.15,0.29
2019-10-23,90.2,90.63,89.5,89.21,318797.66,-0.79,-0.88,90.266,90.096,89.346,440164.81,462262.1,442566.47,0.29
2019-10-24,89.85,90.04,89.8,88.95,360537.44,0.3,0.34,89.882,90.226,89.356,388387.28,464223.12,439514.34,0.33
2019-10-25,88.0,88.47,88.0,87.1,1129195.38,-1.8,-2.0,89.532,90.036,89.264,496043.78,517095.1,473127.95,1.04
2019-10-28,88.39,88.87,88.64,87.87,651031.69,0.64,0.73,89.246,89.855,89.25,554070.17,519153.96,479996.18,0.6
2019-10-29,88.67,89.04,88.2,87.96,431557.69,-0.44,-0.5,88.828,89.655,89.213,578223.97,527222.34,481306.51,0.4
2019-10-30,88.0,88.37,87.95,87.67,436516.62,-0.25,-0.28,88.518,89.392,89.171,601767.76,520966.29,483703.14,0.4
2019-10-31,87.8,88.71,88.12,87.8,373687.66,0.17,0.19,88.182,89.032,89.16,604397.81,496392.55,478068.99,0.34
2019-11-01,88.12,90.06,90.04,88.01,650940.31,1.92,2.18,88.59,89.061,89.247,508746.79,502395.29,494138.3,0.6
2019-11-04,90.35,90.64,90.29,89.91,505705.66,0.25,0.28,88.92,89.083,89.409,479681.59,516875.88,496384.35,0.47
2019-11-05,90.3,91.26,90.06,89.66,654849.56,-0.23,-0.26,89.292,89.06,89.512,524339.96,551281.97,508861.18,0.6
2019-11-06,90.04,90.4,90.0,89.67,386305.41,-0.06,-0.07,89.702,89.11,89.603,514297.72,558032.74,510147.42,0.36
2019-11-07,90.0,90.1,89.77,89.28,319831.03,-0.23,-0.26,90.032,89.107,89.667,503526.39,553962.1,509092.61,0.3
2019-11-08,90.49,90.55,89.17,89.17,436274.88,-0.6,-0.67,89.858,89.224,89.63,460593.31,484670.05,500882.57,0.4
2019-11-11,88.5,88.59,88.21,87.9,442562.16,-0.96,-1.08,89.442,89.181,89.518,447964.61,463823.1,491488.53,0.41
2019-11-12,88.39,88.55,88.22,87.85,395453.62,0.01,0.01,89.074,89.183,89.419,396085.42,460212.69,493717.51,0.37
2019-11-13,87.97,88.34,88.0,87.53,380871.62,-0.22,-0.25,88.674,89.188,89.29,394998.66,454648.19,487807.24,0.35
2019-11-14,88.48,88.49,88.03,87.8,323509.97,0.03,0.03,88.326,89.179,89.106,395734.45,449630.42,473011.48,0.3
2019-11-15,87.81,88.25,87.9,87.7,364026.88,-0.13,-0.15,88.072,88.965,89.013,381284.85,420939.08,461667.18,0.34
2019-11-18,87.88,88.98,88.71,87.68,344810.62,0.81,0.92,88.172,88.807,88.945,361734.54,404849.58,460862.73,0.32
2019-11-19,88.3,89.1,88.89,88.22,302021.25,0.18,0.2,88.306,88.69,88.875,343048.07,369566.74,460424.36,0.28
2019-11-20,88.58,88.8,88.05,87.93,332290.91,-0.84,-0.94,88.316,88.495,88.803,333331.93,364165.29,461099.02,0.31
2019-11-21,87.72,87.75,86.34,86.01,757381.62,-1.71,-1.94,87.978,88.152,88.63,420106.26,407920.35,480941.23,0.7
2019-11-22,86.42,86.95,84.89,84.68,747463.81,-1.45,-1.68,87.376,87.724,88.474,496793.64,439039.25,461854.65,0.69
2019-11-25,85.1,85.57,85.5,84.28,546527.25,0.61,0.72,86.734,87.453,88.317,537136.97,449435.76,456629.43,0.5
2019-11-26,86.0,86.02,85.4,84.97,509282.56,-0.1,-0.12,86.036,87.171,88.177,578589.23,460818.65,460515.67,0.47
2019-11-27,85.36,85.36,84.91,84.5,394256.91,-0.49,-0.57,85.408,86.862,88.025,590982.43,462157.18,458402.68,0.36
2019-11-28,85.0,85.16,84.4,84.23,358095.12,-0.51,-0.6,85.02,86.499,87.839,511125.13,465615.69,457623.06,0.33
2019-11-29,84.39,84.74,83.62,82.69,570944.12,-0.78,-0.92,84.766,86.071,87.518,475821.19,486307.42,453623.25,0.53
2019-12-02,83.69,83.98,83.29,83.01,386007.56,-0.33,-0.4,84.324,85.529,87.168,443717.25,490427.11,447638.34,0.36
2019-12-03,83.18,84.28,84.27,82.79,394270.25,0.98,1.18,84.098,85.067,86.879,420714.79,499652.01,434609.38,0.36
2019-12-04,83.6,84.13,84.07,83.37,262024.47,-0.2,-0.24,83.93,84.669,86.582,394268.3,492625.37,428395.33,0.24
2019-12-05,84.51,85.0,84.67,84.08,342534.69,0.6,0.71,83.984,84.502,86.327,391156.22,451140.67,429530.51,0.32
2019-12-06,84.9,84.95,84.74,84.33,272110.03,0.07,0.08,84.208,84.487,86.106,331389.4,403605.3,421322.27,0.25
2019-12-09,84.76,84.89,83.65,83.34,460460.41,-1.09,-1.29,84.28,84.302,85.878,346279.97,394998.61,422217.18,0.43
2019-12-10,83.51,83.88,83.59,83.3,295540.56,-0.06,-0.07,84.144,84.121,85.646,326534.03,373624.41,417221.53,0.27
2019-12-11,83.8,84.19,84.04,83.4,367933.22,0.45,0.54,84.138,84.034,85.448,347715.78,370992.04,416574.61,0.34
2019-12-12,84.43,84.64,84.04,84.0,366466.47,0.0,0.0,84.012,83.998,85.249,352502.14,371829.18,418722.44,0.34
2019-12-13,85.18,86.77,86.77,85.08,774732.88,2.73,3.25,84.418,84.313,85.192,453026.71,392208.05,439257.74,0.72
2019-12-16,85.6,85.85,85.64,84.9,779673.25,-1.13,-1.3,84.816,84.548,85.039,516869.28,431574.62,461000.87,0.72
2019-12-17,85.68,86.84,86.13,85.25,758245.62,0.49,0.57,85.324,84.734,84.901,609410.29,467972.16,483812.09,0.7
2019-12-18,86.09,86.45,85.98,85.81,453752.72,-0.15,-0.17,85.712,84.925,84.797,626574.19,487144.99,489885.18,0.42
2019-12-19,86.12,86.18,85.7,85.28,330822.16,-0.28,-0.33,86.044,85.028,84.765,619445.33,485973.73,468557.2,0.31
2019-12-20,85.77,86.31,85.53,85.5,358309.16,-0.17,-0.2,85.796,85.107,84.797,536160.58,494593.65,449099.47,0.33
2019-12-23,85.95,85.97,84.29,84.25,457181.75,-1.24,-1.45,85.526,85.171,84.737,471662.28,494265.78,444632.2,0.42
2019-12-24,84.23,84.6,84.46,84.05,292204.44,0.17,0.2,85.192,85.258,84.69,378454.05,493932.17,433778.29,0.27
2019-12-25,84.4,84.51,83.93,83.81,316230.38,-0.53,-0.63,84.782,85.247,84.641,350949.58,488761.88,429876.96,0.29
2019-12-26,84.0,84.43,84.43,83.9,286528.09,0.5,0.6,84.528,85.286,84.642,342090.76,480768.05,426298.61,0.26
2019-12-27,84.44,85.66,84.72,84.42,492829.19,0.29,0.34,84.366,85.081,84.697,368994.77,452577.68,422392.87,0.45
2019-12-30,84.76,86.02,85.89,83.92,676187.62,1.17,1.38,84.686,85.106,84.827,412795.94,442229.11,436901.87,0.62
2019-12-31,85.75,85.91,85.46,85.01,432036.34,-0.43,-0.5,84.886,85.039,84.887,440762.32,409608.19,438790.17,0.4
2020-01-02,85.9,86.79,86.12,85.88,778252.06,0.66,0.77,85.324,85.053,84.989,533166.66,442058.12,464601.55,0.72
2020-01-03,86.81,86.88,86.2,85.9,594980.0,0.08,0.09,85.678,85.103,85.066,594857.04,468473.9,477223.82,0.55
2020-01-06,85.92,86.87,85.6,85.5,636448.06,-0.6,-0.7,85.854,85.11,85.109,623580.82,496287.79,495440.72,0.59
2020-01-07,86.01,86.46,86.15,85.67,452188.31,0.55,0.64,85.906,85.296,85.234,578780.95,495788.45,495027.11,0.42
2020-01-08,85.98,85.98,85.0,84.5,628053.12,-1.15,-1.33,85.814,85.35,85.304,617984.31,529373.32,511652.74,0.58
2020-01-09,85.58,85.61,85.04,84.69,598712.0,0.04,0.05,85.598,85.461,85.354,582076.3,557621.48,523191.68,0.55
2020-01-10,85.35,85.39,84.78,84.61,525864.62,-0.26,-0.31,85.314,85.496,85.391,568253.22,581555.13,531161.59,0.49
2020-01-13,85.01,86.47,86.45,84.78,810588.69,1.67,1.97,85.484,85.669,85.375,603081.35,613331.08,532954.38,0.75
2020-01-14,87.2,87.82,86.83,86.68,716681.81,0.38,0.44,85.62,85.763,85.435,655980.05,617380.5,529804.81,0.66
2020-01-15,86.81,87.12,85.81,85.68,526216.56,-1.02,-1.18,85.782,85.798,85.419,635612.74,626798.52,518203.35,0.49
2020-01-16,86.31,86.37,85.55,85.55,498579.09,-0.26,-0.3,85.884,85.741,85.397,615586.15,598831.23,520444.67,0.46
2020-01-17,86.15,86.9,86.25,85.85,555370.19,0.7,0.82,86.178,85.746,85.425,621487.27,594870.25,531672.07,0.51
2020-01-20,88.3,88.7,87.6,87.35,936050.62,1.35,1.56,86.408,85.946,85.528,646579.65,624830.5,560559.15,0.86
2020-01-21,87.0,87.29,85.6,85.6,727579.44,-2.0,-2.28,86.162,85.891,85.594,648759.18,652369.61,574079.03,0.67
2020-01-22,85.0,85.48,85.22,83.83,736576.88,-0.38,-0.44,86.044,85.913,85.632,690831.24,663221.99,596297.65,0.68
2020-01-23,84.01,84.56,83.49,82.48,1080020.62,-1.73,-2.03,85.632,85.758,85.61,807119.55,711352.85,634487.17,1.0
2020-02-03,76.51,79.25,77.71,76.4,2031498.62,-5.78,-6.92,83.924,85.051,85.274,1102345.24,861916.25,721735.69,1.88
2020-02-04,78.3,80.97,80.43,78.2,1213480.5,2.72,3.5,82.49,84.449,85.059,1157831.21,902205.43,757768.26,1.12
2020-02-05,80.56,81.33,80.38,79.76,753196.94,-0.05,-0.06,81.446,83.804,84.784,1162954.71,905856.95,761618.72,0.7
2020-02-06,81.18,81.97,81.52,80.38,672189.69,1.14,1.42,80.706,83.375,84.587,1150077.27,920454.26,773626.39,0.62
2020-02-07,80.6,81.2,81.03,80.42,491630.56,-0.49,-0.6,80.214,82.923,84.332,1032399.26,919759.41,759295.32,0.45
2020-02-10,80.35,80.64,80.3,79.9,593604.5,-0.73,-0.9,80.732,82.328,84.037,744820.44,923582.84,759226.54,0.55
2020-02-11,80.89,81.86,81.13,80.5,584322.19,0.83,1.03,80.872,81.681,83.814,618988.78,888409.99,756620.25,0.54
2020-02-12,81.1,81.46,81.2,80.55,444339.03,0.07,0.09,81.036,81.241,83.566,557217.19,860085.95,756227.78,0.41
2020-02-13,81.2,81.2,80.45,80.36,562603.94,-0.75,-0.92,80.822,80.764,83.339,535300.04,842688.66,752955.32,0.52
2020-02-14,80.37,81.26,81.0,80.21,428765.34,0.55,0.68,80.816,80.515,83.137,522727.0,777563.13,744457.99,0.4
2020-02-17,81.0,82.49,82.39,80.7,678118.81,1.39,1.72,81.234,80.983,83.017,539629.86,642225.15,752070.7,0.63
2020-02-18,81.81,82.11,81.55,81.44,513200.22,-0.84,-1.02,81.318,81.095,82.772,525405.47,572197.12,737201.28,0.47
2020-02-19,81.03,82.24,81.7,81.01,460474.16,0.15,0.18,81.418,81.227,82.516,528632.49,542924.84,724390.9,0.43
2020-02-20,82.0,83.61,83.28,81.35,833042.56,1.58,1.93,81.984,81.403,82.389,582720.22,559010.13,739732.2,0.77
2020-02-21,82.5,83.23,82.38,82.0,1093905.88,-0.9,-1.08,82.26,81.538,82.231,715748.33,619237.66,769498.53,1.01
2020-02-24,81.0,81.3,80.72,80.5,1035102.94,-1.66,-2.02,81.926,81.58,81.954,787145.15,663387.51,793485.17,0.96
2020-02-25,79.8,80.32,80.19,79.51,869000.94,-0.53,-0.66,81.654,81.486,81.584,858305.3,691855.38,790132.69,0.8
2020-02-26,79.45,80.76,79.83,79.11,844166.5,-0.36,-0.45,81.28,81.349,81.295,935043.76,731838.13,795962.04,0.78
2020-02-27,79.6,80.4,79.79,79.3,666793.19,-0.04,-0.05,80.582,81.283,81.024,901793.89,742257.05,792472.86,0.62
2020-02-28,78.6,79.29,77.72,77.71,983923.12,-2.07,-2.59,79.65,80.955,80.735,879797.34,797772.83,787667.98,0.91
2020-03-02,78.32,80.2,79.58,78.32,712323.38,1.86,2.39,79.422,80.674,80.829,815241.43,801193.29,721709.22,0.66
2020-03-03,80.48,80.57,79.49,79.26,678238.38,-0.09,-0.11,79.282,80.468,80.782,777088.91,817697.11,694947.11,0.63
2020-03-04,79.9,80.75,80.58,79.9,677574.56,1.09,1.37,79.432,80.356,80.792,743770.53,839407.15,691165.99,0.63
2020-03-05,81.01,82.76,82.45,80.62,960642.69,1.87,2.32,79.964,80.273,80.838,802540.43,852167.16,705588.64,0.89
2020-03-06,81.57,81.92,80.91,80.8,584186.06,-1.54,-1.87,80.602,80.126,80.832,722593.01,801195.18,710216.42,0.54
2020-03-09,78.91,79.0,78.14,78.02,1055082.62,-2.77,-3.42,80.314,79.868,80.724,791144.86,803193.14,733290.33,0.97
2020-03-10,78.14,79.78,79.18,77.83,717006.5,1.04,1.33,80.252,79.767,80.627,798898.49,787993.7,739924.54,0.66
2020-03-11,79.18,79.25,78.15,78.15,591403.94,-1.03,-1.3,79.766,79.599,80.474,781664.36,762717.44,747277.79,0.55
2020-03-12,77.25,77.48,76.65,76.53,901290.5,-1.5,-1.92,78.606,79.285,80.284,769793.92,786167.18,764212.11,0.83
2020-03-13,72.14,75.98,74.71,72.1,1166157.5,-1.94,-2.53,77.366,78.984,79.97,886188.21,804390.61,801081.72,1.08
2020-03-16,74.5,74.52,72.0,71.8,979173.44,-2.71,-3.63,76.138,78.226,79.45,871006.38,831075.62,816134.45,0.9
2020-03-17,71.65,73.0,72.14,70.89,950922.88,0.14,0.19,74.73,77.491,78.98,917789.65,858344.07,838020.59,0.88
2020-03-18,72.53,72.88,69.87,69.85,852181.12,-2.27,-3.15,73.074,76.42,78.388,969945.09,875804.73,857605.94,0.79
2020-03-19,69.1,69.87,67.81,66.32,1236760.62,-2.06,-2.95,71.306,74.956,77.615,1037039.11,903416.52,877791.84,1.14
2020-03-20,68.71,69.4,69.0,67.35,887269.38,1.19,1.75,70.164,73.765,76.946,981261.49,933724.85,867460.01,0.82
2020-03-23,66.0,67.5,66.76,66.0,684079.69,-2.24,-3.25,69.116,72.627,76.248,922242.74,896624.56,849908.85,0.63
2020-03-24,67.95,69.05,68.95,67.82,791633.19,2.19,3.28,68.478,71.604,75.686,890384.8,904087.23,846040.46,0.73
2020-03-25,70.6,71.23,70.35,69.88,928186.19,1.4,2.03,68.574,70.824,75.212,905585.81,937765.45,850241.45,0.86
2020-03-26,69.48,71.0,70.19,69.35,549869.75,-0.16,-0.23,69.05,70.178,74.732,768207.64,902623.38,844395.28,0.51
2020-03-27,71.25,71.29,69.72,69.72,603084.25,-0.47,-0.67,69.194,69.679,74.332,711370.61,846316.05,825353.33,0.56
2020-03-30,68.6,69.39,69.15,68.45,467955.97,-0.57,-0.82,69.672,69.394,73.81,668145.87,795194.3,813134.96,0.43
2020-03-31,70.11,70.35,69.17,69.01,425367.88,0.02,0.03,69.716,69.097,73.294,594892.81,742638.8,800491.44,0.39
2020-04-01,69.0,70.47,69.32,68.9,556928.69,0.15,0.22,69.51,69.042,72.731,520641.31,713113.56,794459.14,0.51
2020-04-02,68.4,69.67,69.67,67.76,512029.28,0.35,0.51,69.406,69.228,72.092,513073.21,640640.43,772028.47,0.47
2020-04-03,69.1,69.26,68.86,68.41,420254.16,-0.81,-1.16,69.234,69.214,71.49,476507.2,593938.91,763831.88,0.39
2020-04-07,70.08,70.3,69.97,69.56,619347.62,1.11,1.61,69.398,69.535,71.081,506785.53,587465.7,742045.13,0.57
2020-04-08,69.57,69.8,69.39,69.32,362458.66,-0.58,-0.83,69.442,69.579,70.592,494203.68,544548.25,724317.74,0.33
2020-04-09,69.65,69.96,69.64,69.38,368308.16,0.25,0.36,69.506,69.508,70.166,456479.58,488560.44,713162.95,0.34
2020-04-10,69.65,72.43,70.99,69.38,766249.62,1.35,1.94,69.77,69.588,69.883,507323.64,510198.43,706410.9,0.71
2020-04-13,70.45,70.79,70.13,70.0,355169.88,-0.86,-1.21,70.024,69.629,69.654,494306.79,485406.99,665861.52,0.33
2020-04-14,70.68,71.17,71.02,70.25,429696.78,0.89,1.27,70.234,69.816,69.605,456376.62,481581.07,638387.69,0.4
2020-04-15,71.07,71.38,70.85,70.65,381515.22,-0.17,-0.24,70.526,69.984,69.541,460187.93,477195.81,609917.31,0.35
2020-04-16,70.5,70.71,70.38,70.16,282942.59,-0.47,-0.66,70.674,70.09,69.566,443114.82,449797.2,581455.38,0.26
2020-04-17,71.1,73.32,72.4,70.79,903679.5,2.02,2.87,70.956,70.363,69.796,470600.79,488962.22,564801.32,0.83
2020-04-20,72.89,73.8,73.5,72.1,654194.0,1.1,1.52,71.63,70.827,70.021,530405.62,512356.2,553147.55,0.6
2020-04-21,73.05,73.48,72.37,71.51,568984.31,-1.13,-1.54,71.9,71.067,70.301,558263.12,507319.87,547392.79,0.53
2020-04-22,72.0,72.07,72.07,71.48,377673.16,-0.3,-0.41,72.144,71.335,70.457,557494.71,508841.32,526694.78,0.35
2020-04-23,72.39,72.8,72.16,71.82,329666.12,0.09,0.12,72.5,71.587,70.548,566839.42,504977.12,496768.78,0.3
2020-04-24,71.03,71.03,70.5,70.3,667116.19,-1.66,-2.3,72.12,71.538,70.563,519526.76,495063.78,502631.1,0.62
2020-04-27,70.62,71.61,71.2,70.62,481527.84,0.7,0.99,71.66,71.645,70.637,484993.52,507699.57,496553.28,0.44
2020-04-28,71.5,72.68,72.38,70.97,613874.25,1.18,1.66,71.662,71.781,70.799,493971.51,526117.32,503849.2,0.57
2020-04-29,72.38,74.2,74.0,72.38,531156.38,1.62,2.24,72.048,72.096,71.04,524668.16,541081.43,509138.62,0.49
2020-04-30,74.46,75.3,74.46,74.21,486254.72,0.46,0.62,72.508,72.504,71.297,555985.88,561412.65,505604.92,0.45
2020-05-06,73.3,73.98,73.81,72.9,629167.88,-0.65,-0.87,73.17,72.645,71.504,548396.21,533961.49,511461.85,0.58
2020-05-07,73.7,73.7,73.23,72.81,403122.88,-0.58,-0.79,73.576,72.618,71.723,532715.22,508854.37,510605.29,0.37
2020-05-08,72.8,73.29,72.97,72.06,404719.59,1.03,1.43,73.694,72.678,71.873,490884.29,492427.9,499873.89,0.37
2020-05-11,73.11,74.8,73.9,73.11,495757.31,0.93,1.27,73.674,72.861,72.098,483804.48,504236.32,506538.82,0.46
2020-05-12,73.9,74.33,73.93,73.47,415450.38,0.03,0.04,73.568,73.038,72.313,469643.61,512814.74,508895.93,0.38
2020-05-13,73.6,73.93,73.34,72.65,288970.34,-0.59,-0.8,73.474,73.322,72.43,401604.1,475000.16,485031.97,0.27
2020-05-14,73.0,73.0,72.23,72.17,349715.12,-1.11,-1.51,73.274,73.425,72.535,390922.55,461818.89,484759.23,0.32
2020-05-15,72.61,73.1,72.23,72.18,317507.31,0.0,0.0,73.126,73.41,72.596,373480.09,432182.19,479149.75,0.29
2020-05-18,72.2,72.98,72.2,71.69,308462.66,-0.03,-0.04,72.786,73.23,72.663,336021.16,409912.82,475497.13,0.28
2020-05-19,73.18,73.6,72.9,72.61,341583.22,0.7,0.97,72.58,73.074,72.789,321247.73,395445.67,478429.16,0.32
2020-05-20,73.0,73.19,72.95,72.5,274834.84,0.05,0.07,72.502,72.988,72.817,318420.63,360012.37,446986.93,0.25
2020-05-21,73.2,73.3,72.38,72.36,312686.22,-0.57,-0.78,72.532,72.903,72.761,311014.85,350968.7,429911.54,0.29
2020-05-22,72.06,72.1,70.12,70.1,577194.25,-2.26,-3.12,72.11,72.618,72.648,362952.24,368216.17,430322.03,0.53
2020-05-25,70.0,70.08,70.03,69.0,417101.16,-0.09,-0.13,71.676,72.231,72.546,384679.94,360350.55,432293.43,0.39
2020-05-26,70.99,71.0,70.51,70.32,271128.47,0.48,0.69,71.198,71.889,72.464,370588.99,345918.36,429366.55,0.25
2020-05-27,70.72,71.58,70.65,70.52,287152.12,0.14,0.2,70.738,71.62,72.471,373052.44,345736.54,410368.35,0.27
2020-05-28,70.68,71.99,71.51,70.68,414260.44,0.86,1.22,70.564,71.548,72.487,393367.29,352191.07,407004.98,0.38
2020-05-29,70.9,71.3,70.71,70.48,268441.16,-0.8,-1.12,70.682,71.396,72.403,331616.67,347284.45,389733.32,0.25
2020-06-01,71.4,72.23,72.16,71.23,457672.84,1.45,2.05,71.108,71.392,72.311,339731.01,362205.47,386059.15,0.42
2020-06-02,72.02,74.53,74.28,72.01,810523.25,2.12,2.94,71.862,71.53,72.302,447609.96,409099.48,402272.57,0.75
2020-06-03,75.0,76.69,75.01,75.0,991488.38,0.73,0.98,72.734,71.736,72.362,588477.21,480764.83,420388.6,0.92
2020-06-04,75.42,75.71,75.14,74.58,453880.22,0.13,0.17,73.46,72.012,72.458,596401.17,494884.23,422926.46,0.42
2020-06-05,75.14,75.44,75.3,74.4,349807.53,0.16,0.21,74.378,72.53,72.574,612674.44,472145.56,420180.86,0.32
2020-06-08,75.7,77.22,76.72,75.7,766974.5,1.42,1.89,75.29,73.199,72.715,674534.78,507132.89,433741.72,0.71
2020-06-09,76.73,77.18,76.5,76.32,388516.81,-0.22,-0.29,75.734,73.798,72.844,590133.49,518871.73,432395.04,0.36
2020-06-10,76.58,76.7,75.58,75.47,345452.91,-0.92,-1.2,75.848,74.291,72.956,460926.39,524701.8,435219.17,0.32
2020-06-11,75.21,75.47,74.22,73.8,586113.44,-1.36,-1.8,75.664,74.562,73.055,487373.04,541887.1,447039.09,0.54
2020-06-12,73.1,74.15,74.15,72.97,488258.72,-0.07,-0.09,75.434,74.906,73.151,515063.28,563868.86,455576.66,0.45
2020-06-15,73.68,73.78,72.54,72.45,551303.81,-1.61,-2.17,74.598,74.944,73.168,471929.14,573231.96,467718.71,0.51
2020-06-16,73.6,73.68,73.46,73.14,341905.12,0.92,1.27,73.99,74.862,73.196,462606.8,526370.14,467734.81,0.32
2020-06-17,73.2,73.38,73.01,72.6,325895.78,-0.45,-0.61,73.476,74.662,73.199,458695.37,459810.88,470287.86,0.3
2020-06-18,72.85,73.77,73.4,72.38,418632.0,0.39,0.53,73.312,74.488,73.25,425199.09,456286.06,475585.15,0.39
2020-06-19,73.44,74.09,73.42,73.0,635989.81,0.02,0.03,73.166,74.3,73.415,454745.3,484904.29,478524.92,0.59
2020-06-22,73.0,73.92,72.77,72.61,671831.44,-0.65,-0.89,73.212,73.905,73.552,478850.83,475389.98,491261.44,0.62
2020-06-23,72.5,72.6,71.96,71.67,779636.06,-0.81,-1.11,72.912,73.451,73.625,566397.02,514501.91,516686.82,0.72
2020-06-24,72.25,72.85,72.26,72.01,605136.31,0.3,0.42,72.762,73.119,73.705,622245.12,540470.25,532586.03,0.56
2020-06-29,72.07,72.26,71.01,70.8,714837.81,-1.25,-1.73,72.284,72.798,73.68,681486.29,553342.69,547614.9,0.66
2020-06-30,71.36,71.78,71.4,71.0,451503.16,0.39,0.55,71.88,72.523,73.715,644588.96,549667.13,556768.0,0.42
2020-07-01,71.59,73.5,73.5,71.2,967559.94,2.1,2.94,72.026,72.619,73.782,703734.66,591292.74,582262.35,0.89
2020-07-02,73.28,76.01,76.0,73.0,1474466.88,2.5,3.4,72.834,72.873,73.868,842700.82,704548.92,615459.53,1.36
2020-07-03,76.15,78.49,77.96,76.14,1703820.0,1.96,2.58,73.974,73.368,74.015,1062437.56,842341.34,651076.11,1.57
2020-07-06,79.12,84.88,84.12,79.12,2806694.75,6.16,7.9,76.596,74.44,74.464,1480808.95,1081147.62,768716.84,2.59
2020-07-07,87.0,87.6,83.22,83.2,2222041.5,-0.9,-1.07,78.96,75.42,74.86,1834916.61,1239752.79,862328.54,2.05
2020-07-08,84.11,87.0,85.69,83.85,1696389.88,2.47,2.97,81.398,76.712,75.309,1980682.6,1342208.63,908799.31,1.57
2020-07-09,86.3,86.8,85.92,84.9,1424597.25,0.23,0.27,83.382,78.108,75.78,1970708.68,1406704.75,960603.33,1.32
2020-07-10,85.01,85.37,82.34,82.11,1466619.62,-3.58,-4.17,84.258,79.116,76.118,1923268.6,1492853.08,1016661.66,1.35
2020-07-13,81.91,83.66,82.36,81.51,1179515.75,0.02,0.02,83.906,80.251,76.525,1597832.8,1539320.87,1046331.78,1.09
2020-07-14,82.37,83.23,81.3,80.61,988557.94,-1.06,-1.29,83.522,81.241,76.882,1351136.09,1593026.35,1071346.74,0.91
2020-07-15,82.15,82.39,80.22,80.12,922767.94,-1.08,-1.33,82.428,81.913,77.266,1196411.7,1588547.15,1089919.95,0.85
2020-07-16,81.3,81.97,78.22,78.1,1318170.0,-2.0,-2.49,80.888,82.135,77.504,1175126.25,1572917.46,1138733.19,1.22
2020-07-17,79.0,79.39,78.02,77.31,875035.25,-0.2,-0.26,80.024,82.141,77.755,1056809.38,1490038.99,1166190.16,0.81
2020-07-20,79.05,82.82,82.8,79.05,1377547.75,4.78,6.13,80.112,82.009,78.225,1096415.78,1347124.29,1214135.95,1.27
2020-07-21,82.95,83.2,80.76,80.37,904774.81,-2.04,-2.46,80.004,81.763,78.592,1079659.15,1215397.62,1227575.2,0.84
2020-07-22,80.21,81.85,79.93,79.44,877513.25,-0.83,-1.03,79.946,81.187,78.95,1070608.21,1133509.96,1237859.29,0.81
2020-07-23,79.0,79.88,79.0,78.02,782100.44,-0.93,-1.16,80.102,80.495,79.302,963394.3,1069260.28,1237982.51,0.72
2020-07-24,78.88,78.89,77.0,76.38,1072693.38,-2.0,-2.53,79.898,79.961,79.539,1002925.93,1029867.65,1261360.37,0.99
2020-07-27,77.28,77.79,76.43,75.7,734799.0,-0.57,-0.74,78.624,79.368,79.81,874376.18,985395.98,1262358.42,0.68
2020-07-28,76.99,77.3,76.38,75.95,639858.69,-0.05,-0.07,77.748,78.876,80.059,821392.95,950526.05,1271776.2,0.59
2020-07-29,76.0,78.0,77.3,75.75,702865.25,0.92,1.21,77.222,78.584,80.249,786463.35,928535.78,1258541.47,0.65
2020-07-30,77.39,77.43,76.03,76.02,646243.25,-1.27,-1.64,76.628,78.365,80.25,759291.91,861343.11,1217130.29,0.6
2020-07-31,76.0,77.25,75.9,75.2,748520.44,-0.13,-0.17,76.408,78.153,80.147,694457.33,848691.63,1169365.31,0.69
2020-08-03,76.35,76.68,76.44,75.78,855247.62,0.54,0.71,76.41,77.517,79.763,718547.05,796461.61,1071792.95,0.79
2020-08-04,76.81,79.35,78.67,76.2,1481461.62,2.23,2.92,76.868,77.308,79.536,886867.64,854130.29,1034763.96,1.37
2020-08-05,77.94,77.95,77.13,76.6,787805.94,-1.54,-1.96,76.834,77.028,79.108,903855.77,845159.56,989334.76,0.73
2020-08-06,77.0,77.89,77.15,76.21,647563.0,0.02,0.03,77.058,76.843,78.669,904119.72,831705.82,950483.05,0.6
2020-08-07,76.96,77.67,76.33,76.01,549809.0,-0.82,-1.06,77.144,76.776,78.369,864377.44,779417.38,904642.52,0.51
2020-08-10,76.02,77.69,77.01,75.82,700073.25,0.68,0.89,77.258,76.834,78.101,833342.56,775944.81,880670.39,0.65
2020-08-11,77.45,78.68,76.77,76.51,775309.0,-0.24,-0.31,76.878,76.873,77.875,692112.04,789489.84,870007.94,0.72
2020-08-12,76.8,77.46,77.16,76.4,586012.62,0.39,0.51,76.884,76.859,77.722,651753.37,777804.57,853170.18,0.54
2020-08-13,77.5,77.6,76.6,76.51,421355.47,-0.56,-0.73,76.774,76.916,77.641,606511.87,755315.8,808329.45,0.39
2020-08-14,76.47,78.49,78.19,76.34,632473.69,1.59,2.08,77.146,77.145,77.649,623044.81,743711.12,796201.37,0.58
2020-08-17,78.23,82.57,81.1,78.23,1739400.12,2.91,3.72,77.964,77.611,77.564,830910.18,832126.37,814293.99,1.61
2020-08-18,80.8,80.9,79.75,79.4,842505.94,-1.35,-1.67,78.56,77.719,77.514,844349.57,768230.8,811180.55,0.78
2020-08-19,79.6,80.11,78.17,78.17,564733.81,-1.58,-1.98,78.762,77.823,77.426,840093.81,745923.59,795541.58,0.52
2020-08-20,78.1,78.1,77.6,77.15,498422.47,-0.57,-0.73,78.962,77.868,77.356,855507.21,731009.54,781357.68,0.46
2020-08-21,78.3,78.76,78.25,77.55,424459.31,0.65,0.84,78.974,78.06,77.418,813904.33,718474.57,748945.97,0.39
2020-08-24,78.95,79.0,77.8,77.63,472804.41,-0.45,-0.57,78.314,78.139,77.487,560585.19,695747.68,735846.25,0.44
2020-08-25,78.0,78.88,78.11,77.6,530479.44,0.31,0.4,77.986,78.273,77.573,498179.89,671264.73,730377.28,0.49
2020-08-26,78.0,78.05,76.8,76.6,542775.06,-1.31,-1.68,77.712,78.237,77.548,493788.14,666940.97,722372.77,0.5
2020-08-27,77.15,77.17,76.54,76.0,448833.59,-0.26,-0.34,77.5,78.231,77.574,483870.36,669688.78,712502.29,0.41
2020-08-28,76.47,78.21,77.89,75.85,765028.12,1.35,1.76,77.428,78.201,77.673,551984.12,682944.23,713327.67,0.71
2020-08-31,77.89,78.8,76.62,76.58,723129.75,-1.27,-1.63,77.192,77.753,77.682,602049.19,581317.19,706721.78,0.67
2020-09-01,76.08,76.59,76.38,76.0,471250.56,-0.24,-0.31,76.846,77.416,77.568,590203.42,544191.65,656211.23,0.44
2020-09-02,76.61,76.8,75.93,75.6,556376.69,-0.45,-0.59,76.672,77.192,77.508,592923.74,543355.94,644639.77,0.51
2020-09-03,75.99,76.42,75.39,75.15,599836.62,-0.54,-0.71,76.442,76.971,77.42,623124.35,553497.36,642253.45,0.55
2020-09-04,74.8,75.1,74.82,74.55,478255.75,-0.57,-0.76,75.828,76.628,77.344,565769.87,558877.0,638675.78,0.44
2020-09-07,74.82,76.25,75.06,74.75,633250.75,0.24,0.32,75.516,76.354,77.247,547794.07,574921.63,635334.66,0.58
2020-09-08,75.98,77.46,77.14,75.7,866030.06,2.08,2.77,75.668,76.257,77.265,626749.97,608476.7,639870.71,0.8
2020-09-09,76.38,77.55,76.48,76.33,523982.16,-0.66,-0.86,75.778,76.225,77.231,620271.07,606597.41,636769.19,0.48
2020-09-10,76.96,77.34,76.52,76.4,530354.38,0.04,0.05,76.004,76.223,77.227,606374.62,614749.48,642219.13,0.49
2020-09-11,76.41,77.5,77.21,76.16,462178.22,0.69,0.9,76.482,76.155,77.178,603159.11,584464.49,633704.36,0.43
2020-09-14,77.62,79.1,78.55,77.62,729991.88,1.34,1.74,77.18,76.348,77.051,622507.34,585150.71,583233.95,0.67
2020-09-15,78.55,80.48,79.91,77.55,1014350.44,1.36,1.73,77.734,76.701,77.059,652171.42,639460.7,591826.17,0.94
2020-09-16,79.29,79.49,78.6,78.44,467947.53,-0.51,-0.65,78.158,76.968,77.08,640964.49,630617.78,586986.86,0.43
2020-09-17,79.11,79.78,79.0,78.7,668306.44,0.4,0.51,78.654,77.329,77.15,668554.9,637464.76,595481.06,0.62
2020-09-18,79.6,83.06,82.89,79.48,1776007.75,3.89,4.92,79.79,78.136,77.382,931320.81,767239.96,663058.48,1.64
2020-09-21,82.9,83.08,80.93,80.93,845313.56,-1.96,-2.37,80.266,78.723,77.539,954385.14,788446.24,681683.94,0.78
2020-09-22,79.7,80.73,79.07,79.0,679381.5,-1.86,-2.3,80.098,78.916,77.587,887391.36,769781.39,689129.04,0.63
2020-09-23,79.5,79.57,78.56,78.44,362116.16,-0.51,-0.65,80.09,79.124,77.675,866225.08,753594.79,680096.1,0.33
2020-09-24,78.19,78.5,77.07,77.0,608372.88,-1.49,-1.9,79.704,79.179,77.701,854238.37,761396.64,688073.06,0.56
2020-09-25,77.86,77.88,77.59,77.0,356683.75,0.52,0.68,78.644,79.217,77.686,570373.57,750847.19,667655.84,0.33
2020-09-28,77.59,78.59,77.95,77.41,371773.72,0.36,0.46,78.048,79.157,77.753,475665.6,715025.37,650088.04,0.34
2020-09-29,78.49,78.5,76.8,76.7,519920.03,-1.15,-1.48,77.594,78.846,77.774,443773.31,665582.33,652521.51,0.48
2020-09-30,76.9,77.44,76.26,76.01,476257.72,-0.54,-0.7,77.134,78.612,77.79,466601.62,666413.35,648515.57,0.44
2020-10-09,77.27,78.45,77.9,77.26,474288.47,1.64,2.15,77.3,78.502,77.916,439784.74,647011.55,642238.16,0.44
2020-10-12,78.35,81.15,80.86,78.31,869928.81,2.96,3.8,77.954,78.299,78.218,542433.75,556403.66,661821.81,0.8
2020-10-13,80.67,81.85,81.38,79.96,564429.31,0.52,0.64,78.64,78.344,78.534,580964.87,528315.24,658380.74,0.52
2020-10-14,81.5,81.51,81.38,80.5,500395.56,0.0,0.0,79.556,78.575,78.746,577059.97,510416.64,640099.01,0.46
2020-10-15,81.4,82.86,81.4,81.3,555021.88,0.02,0.03,80.584,78.859,78.992,592812.81,529707.21,641651.0,0.51
2020-10-16,81.8,82.89,82.0,81.5,607032.81,0.6,0.74,81.404,79.352,79.266,619361.67,529573.21,645484.92,0.56
2020-10-19,82.67,84.38,81.85,81.81,917423.75,-0.15,-0.18,81.602,79.778,79.498,628860.66,585647.21,668247.2,0.85
2020-10-20,81.75,82.0,81.23,81.11,413185.81,-0.62,-0.76,81.572,80.106,79.632,598611.96,589788.42,652406.89,0.38
2020-10-21,81.75,82.58,82.4,81.27,492491.62,1.17,1.44,81.776,80.666,79.756,597031.17,587045.57,626313.95,0.45
2020-10-22,82.52,82.88,82.1,80.28,466970.88,-0.3,-0.36,81.916,81.25,79.931,579420.97,586116.89,626265.12,0.43
2020-10-23,82.12,84.83,83.5,82.12,938809.5,1.4,1.71,82.216,81.81,80.156,645776.31,632568.99,639790.27,0.87
2020-10-26,83.6,84.37,82.2,81.18,596325.31,-1.3,-1.56,82.286,81.944,80.122,581556.62,605208.64,580806.15,0.55
2020-10-27,81.78,82.2,81.07,81.0,559256.88,-1.13,-1.38,82.254,81.913,80.129,610770.84,604691.4,566503.32,0.52
2020-10-28,80.51,81.06,79.58,79.06,769796.81,-1.49,-1.84,81.69,81.733,80.154,666231.88,631631.53,571024.08,0.71
2020-10-29,78.08,79.89,78.66,78.02,727554.31,-0.92,-1.16,81.002,81.459,80.159,718348.56,648884.77,589295.99,0.67
2020-10-30,78.65,79.45,77.83,77.64,764598.69,-0.83,-1.05,79.868,81.042,80.197,683506.4,664641.36,597107.28,0.71
2020-11-02,78.5,78.81,77.23,77.01,638720.31,-0.6,-0.77,78.874,80.58,80.179,691985.4,636771.01,611209.11,0.59
2020-11-03,77.77,79.34,79.16,77.4,615432.81,1.93,2.5,78.492,80.373,80.24,703220.59,656995.71,623392.06,0.57
2020-11-04,78.78,79.85,79.5,78.6,434670.75,0.34,0.43,78.476,80.083,80.375,636195.37,651213.63,619129.6,0.4
2020-11-05,80.35,81.68,80.94,80.2,537095.25,1.44,1.81,78.932,79.967,80.609,598103.56,658226.06,622171.48,0.5
2020-11-06,81.1,81.75,81.3,80.52,510389.25,0.36,0.45,79.626,79.747,80.779,547261.67,615384.04,623976.52,0.47
2020-11-09,82.5,83.5,82.98,82.3,809965.44,1.68,2.07,80.776,79.825,80.885,581510.7,636748.05,620978.35,0.75
2020-11-10,84.24,84.75,83.2,83.05,789003.06,0.22,0.27,81.584,80.038,80.976,616224.75,659722.67,632207.03,0.73
2020-11-11,83.2,84.03,83.52,82.65,542825.31,0.32,0.39,82.388,80.432,81.083,637855.66,637025.52,634328.52,0.5
2020-11-12,83.75,84.47,82.27,81.8,490543.62,-1.25,-1.5,82.654,80.793,81.126,628545.34,613324.45,631104.61,0.45
2020-11-13,81.08,81.7,80.34,79.63,707942.38,-1.93,-2.35,82.462,81.044,81.043,668055.96,607658.82,636150.09,0.65
2020-11-16,80.69,83.26,83.1,80.69,701434.0,2.76,3.44,82.486,81.631,81.106,646349.67,613930.19,625350.6,0.65
2020-11-17,83.1,84.72,84.03,83.0,825063.94,0.93,1.12,82.652,82.118,81.246,653561.85,634893.3,645944.51,0.76
2020-11-18,84.4,86.18,85.37,84.33,969657.75,1.34,1.59,83.022,82.705,81.394,738928.34,688392.0,669802.81,0.9
2020-11-19,85.2,85.75,85.42,84.51,549005.19,0.05,0.06,83.652,83.153,81.56,750620.65,689582.99,673904.53,0.51
2020-11-20,85.3,85.31,84.54,83.9,452985.94,-0.88,-1.03,84.492,83.477,81.612,699629.36,683842.66,649613.35,0.42
2020-11-23,85.0,86.44,86.22,84.65,783775.81,1.68,1.99,85.116,83.801,81.813,716097.73,681223.7,658985.88,0.72
2020-11-24,86.3,86.99,85.0,84.69,499929.72,-1.22,-1.42,85.31,83.981,82.01,651070.88,652316.37,656019.52,0.46
2020-11-25,85.99,88.55,87.25,85.97,1223689.12,2.25,2.65,85.686,84.354,82.393,701877.16,720402.75,678714.13,1.13
2020-11-26,87.01,89.39,89.15,86.65,909240.12,1.9,2.18,86.432,85.042,82.918,773924.14,762272.4,687798.42,0.84
2020-11-27,89.5,90.26,90.1,88.51,747954.75,0.95,1.07,87.544,86.018,83.531,832917.9,766273.63,686966.23,0.69
2020-11-30,91.0,94.62,90.03,90.03,1539196.38,-0.07,-0.08,88.306,86.711,84.171,984002.02,850049.87,731990.03,1.42
2020-12-01,90.7,93.38,93.38,89.65,854206.0,3.35,3.72,89.982,87.646,84.882,1054857.27,852964.08,743928.69,0.79
2020-12-02,93.38,93.85,92.85,92.09,650688.19,-0.53,-0.57,91.102,88.394,85.55,940257.09,821067.12,754729.56,0.6
2020-12-03,92.79,93.43,91.87,91.21,509917.22,-0.98,-1.05,91.646,89.039,86.096,860392.51,817158.33,753370.66,0.47
2020-12-04,92.05,92.53,92.19,90.19,489295.03,0.32,0.35,92.064,89.804,86.641,808660.56,820789.23,752315.95,0.45
2020-12-07,92.78,92.98,90.38,89.02,627788.38,-1.81,-1.96,92.134,90.22,87.011,626378.96,805190.49,743207.1,0.58
2020-12-08,90.0,90.75,88.05,87.8,863339.62,-2.33,-2.58,91.068,90.525,87.253,628205.69,841531.48,746923.92,0.8
2020-12-09,88.5,89.48,87.87,87.79,525005.06,-0.18,-0.2,90.072,90.587,87.471,603069.06,771663.08,746032.91,0.48
2020-12-10,88.0,88.69,87.68,87.15,405752.97,-0.19,-0.22,89.234,90.44,87.741,582236.21,721314.36,741793.38,0.37
2020-12-11,88.5,88.9,86.1,85.46,714942.38,-1.58,-1.8,88.016,90.04,88.029,627365.68,718013.12,742143.38,0.66
2020-12-14,86.65,88.16,87.69,86.5,583861.56,1.59,1.85,87.478,89.806,88.259,618580.32,622479.64,736264.76,0.54
2020-12-15,86.99,86.99,86.3,85.37,633103.75,-1.39,-1.58,87.128,89.098,88.372,572533.14,600369.42,726666.75,0.58
2020-12-16,86.6,87.48,86.84,85.95,470704.88,0.54,0.63,86.922,88.497,88.446,561673.11,582371.09,701719.1,0.43
2020-12-17,86.96,89.06,88.98,86.53,685462.69,2.14,2.46,87.182,88.208,88.624,617615.05,599925.63,708541.98,0.63
2020-12-18,88.8,89.25,87.79,87.12,499816.0,-1.19,-1.34,87.52,87.768,88.786,574589.78,600977.73,710883.48,0.46
2020-12-21,87.0,87.75,87.05,86.01,599732.56,-0.74,-0.84,87.392,87.435,88.828,577763.98,598172.15,701681.32,0.55
2020-12-22,87.04,87.04,84.15,83.75,985959.62,-2.9,-3.33,86.962,87.045,88.785,648335.15,610434.15,725982.81,0.91
2020-12-23,84.22,85.39,84.85,83.77,550371.12,0.7,0.83,86.564,86.743,88.665,664268.4,612970.75,692316.91,0.51
2020-12-24,85.3,85.35,84.2,83.69,524790.69,-0.65,-0.77,85.608,86.395,88.418,632134.0,624874.53,673094.44,0.48
2020-12-25,83.6,83.6,83.2,81.86,691408.0,-1.0,-1.19,84.69,86.105,88.073,670452.4,622521.09,670267.11,0.64
2020-12-28,83.45,85.19,84.62,82.85,635199.5,1.42,1.71,84.204,85.798,87.802,677545.79,627654.88,625067.26,0.59
2020-12-29,84.95,86.08,85.5,84.69,519315.62,0.88,1.04,84.474,85.718,87.408,584216.99,616276.07,608322.74,0.48
2020-12-30,85.2,85.88,85.88,84.18,565707.25,0.38,0.44,84.68,85.622,87.06,587284.21,625776.31,604073.7,0.52
2020-12-31,85.59,87.68,86.98,85.59,795809.38,1.1,1.28,85.236,85.422,86.815,641487.95,636810.97,618368.3,0.73
2021-01-04,86.91,86.95,85.18,84.1,1036431.06,-1.8,-2.07,85.632,85.161,86.465,710492.56,690472.48,645725.1,0.96
2021-01-05,84.5,84.5,84.27,82.85,1054786.25,-0.91,-1.07,85.562,84.883,86.159,794409.91,735977.85,667075.0,0.97
2021-01-06,84.29,85.74,85.74,83.55,937598.5,1.47,1.74,85.61,85.042,86.044,878066.49,731141.74,670787.94,0.87
2021-01-07,85.87,86.76,86.26,84.3,1069687.25,0.52,0.61,85.686,85.183,85.963,978862.49,783073.35,698022.05,0.99
2021-01-08,86.22,87.26,86.1,85.21,1169368.0,-0.16,-0.18,85.51,85.373,85.884,1053574.21,847531.08,736202.8,1.08
2021-01-11,86.2,86.6,84.03,84.0,1098602.38,-2.07,-2.4,85.28,85.456,85.781,1066008.48,888250.52,755385.8,1.01
2021-01-12,83.88,87.82,87.82,83.33,1467556.12,3.79,4.51,85.99,85.776,85.787,1148562.45,971486.18,799570.53,1.35
2021-01-13,88.8,89.28,87.54,86.83,1390943.38,-0.28,-0.32,86.35,85.98,85.849,1239231.43,1058648.96,837462.51,1.28
2021-01-14,88.4,88.52,85.27,84.88,1379273.75,-2.27,-2.59,86.152,85.919,85.771,1301148.73,1140005.61,882890.96,1.27
2021-01-15,85.94,88.65,86.9,85.27,1587085.0,1.63,1.91,86.312,85.911,85.667,1384692.13,1219133.17,927972.07,1.47
2021-01-18,87.0,87.65,87.2,85.3,1162419.88,0.3,0.34,86.946,86.113,85.637,1397455.63,1231732.05,961102.27,1.07
2021-01-19,87.58,88.15,86.8,86.04,1103328.25,-0.4,-0.46,86.742,86.366,85.625,1324610.05,1236586.25,986282.05,1.02
2021-01-20,87.12,87.33,85.2,84.91,1319775.5,-1.6,-1.84,86.274,86.312,85.677,1310376.48,1274803.95,1002972.84,1.22
2021-01-21,85.36,85.41,84.44,83.8,1393055.38,-0.76,-0.89,86.108,86.13,85.657,1313132.8,1307140.76,1045107.06,1.29
2021-01-22,85.0,85.15,83.8,83.52,1162752.5,-0.64,-0.76,85.488,85.9,85.637,1228266.3,1306479.21,1077005.15,1.07
2021-01-25,83.7,84.88,84.88,82.58,1279801.12,1.08,1.29,85.024,85.985,85.721,1251742.55,1324599.09,1106424.8,1.18
2021-01-26,84.5,84.88,83.0,82.88,1051397.38,-1.88,-2.21,84.264,85.503,85.64,1241356.38,1282983.21,1127234.7,0.97
2021-01-27,82.98,83.91,83.04,82.58,682737.75,0.04,0.05,83.832,85.053,85.517,1113948.83,1212162.65,1135405.8,0.63
2021-01-28,82.2,82.58,80.92,80.65,1061087.25,-2.12,-2.55,83.128,84.618,85.269,1047555.2,1180344.0,1160174.8,0.98
2021-01-29,80.9,81.44,79.08,78.5,1269800.38,-1.84,-2.27,82.184,83.836,84.874,1068964.78,1148615.54,1183874.35,1.17
2021-02-01,79.1,79.74,79.27,78.37,724901.44,0.19,0.24,81.062,83.043,84.578,957984.84,1104863.7,1168297.87,0.67
2021-02-02,79.28,79.45,78.18,77.95,988364.5,-1.09,-1.38,80.098,82.181,84.274,945378.26,1093367.32,1164976.79,0.91
2021-02-03,77.74,77.74,76.54,75.3,1343843.0,-1.64,-2.1,78.798,81.315,83.814,1077599.31,1095774.07,1185289.01,1.24
2021-02-04,78.0,80.32,79.62,77.7,1416547.75,3.08,4.02,78.538,80.833,83.482,1148691.41,1098123.31,1202632.04,1.31
2021-02-05,80.0,80.28,79.72,78.61,845572.25,0.1,0.13,78.666,80.425,83.163,1063845.79,1066405.28,1186442.25,0.78
2021-02-08,79.73,80.43,78.57,78.28,796547.0,-1.15,-1.44,78.526,79.794,82.89,1078174.9,1018079.87,1171339.48,0.74
2021-02-09,78.56,78.56,78.13,76.8,914121.88,-0.44,-0.56,78.516,79.307,82.405,1063326.38,1004352.32,1143667.77,0.84
2021-02-10,77.9,79.81,79.25,77.49,919686.75,1.12,1.43,79.058,78.928,81.991,978495.13,1028047.22,1120104.94,0.85
2021-02-18,81.5,82.86,82.38,80.89,1466782.0,3.13,3.95,79.61,79.074,81.846,988541.98,1068616.7,1124480.35,1.35
2021-02-19,82.0,84.56,84.2,81.68,1240617.62,1.82,2.21,80.506,79.586,81.711,1067551.05,1065698.42,1107156.98,1.15
2021-02-22,84.25,85.29,83.0,82.58,1130341.12,-1.2,-1.43,81.392,79.959,81.501,1134309.87,1106242.39,1105553.04,1.04
