总流水（元）,最后一次下单距今时间（天）,上月流水（元）,注册时长（年）,是否流失
48521,169,322,0,0
48552.5,172,395.75,0,1
48597.5,171,363.75,0,0
48629,173,319.75,0,0
48665,172,345.25,0,1
48674,173,100.5,1,0
48674,171,539.75,0,0
48701,171,380.25,0,1
48723.5,170,403,0,1
48764,172,414.25,0,0
48786.5,174,400.75,0,0
48836,169,349.75,0,0
48840.5,169,99.5,1,0
48894.5,171,126,0,0
48926,173,102,1,0
48948.5,173,428.25,0,1
48953,171,124,1,0
48957.5,173,374.5,0,1
48971,173,374,0,1
49025,172,223.25,0,0
49061,169,275.75,0,0
49083.5,170,99.5,1,0
49092.5,169,526.75,0,1
49110.5,168,228.25,0,0
49173.5,169,124,1,0
49178,172,401.5,0,0
49182.5,171,276.5,0,1
49187,172,399.5,0,1
49214,172,348.75,0,1
49232,173,96.75,1,0
49290.5,168,368.75,0,1
49398.5,172,95.25,1,0
49412,171,94.75,1,0
49470.5,170,101.25,1,1
49605.5,170,203.25,0,1
49677.5,169,99.5,1,0
49682,168,173.5,0,1
49695.5,174,504.75,0,1
49704.5,168,392.25,0,1
49713.5,171,349.75,0,1
49722.5,170,103,1,0
49754,172,103.25,1,0
49772,172,192.5,0,0
49772,172,102.25,1,0
49817,172,248.75,0,1
49821.5,171,96.25,1,0
49844,172,98,1,0
49866.5,170,125.75,1,0
49871,171,351.25,0,1
49920.5,169,404,0,1
49925,171,125,1,0
49938.5,171,98.25,1,0
50019.5,170,420.25,0,1
50024,168,383.25,0,1
50028.5,172,223.75,0,0
50118.5,171,529.5,0,1
50132,168,371.75,0,1
50186,172,217.75,0,0
50208.5,169,278.5,0,0
50217.5,173,474.25,0,0
50235.5,173,101.75,1,0
50253.5,166,400.5,0,0
50303,165,295.75,0,0
50411,164,100.25,1,0
50429,167,376.75,0,1
50501,165,428.25,0,1
50591,166,328,0,0
50622.5,167,243.5,0,1
50631.5,166,241,0,0
50631.5,166,98.5,1,0
50636,164,275,0,0
50676.5,167,405,0,1
50676.5,164,97.25,1,0
50721.5,164,100.75,1,0
50730.5,167,435.5,0,1
50744,165,346.75,0,0
50807,164,99,1,0
50816,165,98.5,1,1
50910.5,165,95.75,1,0
50910.5,164,222.75,0,0
50924,168,122.5,1,0
50955.5,167,399.5,0,1
50978,167,228.75,0,0
51005,167,99,1,0
51095,165,217.25,0,0
51131,166,100.25,1,0
51158,166,446,0,1
51176,164,350.25,0,1
51180.5,167,148,0,0
51252.5,167,155.25,1,1
51266,166,350,0,1
51288.5,164,498,0,1
51288.5,164,94.5,1,0
51333.5,167,222,0,0
51392,164,95,1,0
51392,164,317,0,0
51468.5,165,377.75,0,1
51482,168,244,0,0
51509,168,99,1,0
51527,166,339.75,0,1
51531.5,168,253.5,0,0
51635,167,344.75,0,0
51639.5,165,98.25,1,0
51738.5,167,321.75,0,0
51828.5,167,100.75,1,0
51864.5,165,255,0,1
51959,167,251.5,0,0
51959,164,274.25,0,0
51968,166,444.75,0,1
52031,164,146.5,0,0
52049,167,404.25,0,0
52053.5,167,98,1,0
52098.5,165,452,0,0
52130,165,102.25,1,0
52143.5,168,145.75,1,0
52184,168,297.25,0,0
52193,168,99.5,1,0
52197.5,167,379.5,0,1
52224.5,168,97,1,0
52233.5,167,98.25,1,0
52265,167,100.25,1,0
52346,165,203.75,0,0
52409,160,423,0,1
52431.5,160,96.5,1,0
52449.5,161,474.5,0,0
52598,161,467.5,0,1
52634,163,172.75,0,0
52683.5,161,179,0,0
52809.5,160,508.5,0,1
52881.5,163,279.5,0,1
52886,162,458.25,0,1
52899.5,162,249.25,0,1
52908.5,163,448,0,1
52922,160,102.5,1,0
53079.5,161,99.5,1,0
53115.5,160,453.25,0,0
53129,163,450.25,0,1
53196.5,163,151.25,0,0
53214.5,164,97.25,1,0
53219,161,125.25,1,0
53223.5,162,223.25,0,0
53232.5,164,295.5,0,0
53237,161,222.25,0,0
53264,161,101.75,1,0
53322.5,162,320,0,0
53336,160,274.25,0,0
53345,163,100.5,1,0
53358.5,164,442.25,0,1
53426,161,216.75,0,0
53444,162,357.25,0,0
53448.5,161,405,0,1
53471,163,424,0,1
53520.5,164,444.25,0,1
53520.5,161,127.75,1,0
53570,164,197.75,0,0
53615,161,99.75,1,0
53660,162,181.25,0,0
53705,163,97,1,1
53732,163,403.5,0,0
53772.5,161,96.25,1,0
53979.5,161,100,1,0
54006.5,161,349,0,0
54056,161,394.75,0,1
54074,162,131.75,1,0
54308,162,146.75,0,0
54317,161,429.75,0,1
54398,164,101,1,0
54398,160,150.75,1,0
54452,163,125.5,1,0
54519.5,161,173.5,0,0
54528.5,163,93.5,1,0
54528.5,162,101.25,1,0
54528.5,161,373.25,0,0
54582.5,156,401,0,0
54605,157,489.75,0,1
54650,157,400.75,0,1
54699.5,160,105.5,1,0
54731,156,505.75,0,1
54785,160,98.5,1,0
54848,159,472,0,1
54866,157,101,1,0
54893,156,100.75,1,0
54911,157,126,1,0
54974,156,100.25,1,0
55019,159,281.25,0,1
55032.5,159,97.75,1,0
55064,160,405,0,1
55082,159,178.75,0,0
55095.5,156,158.25,1,0
55136,158,98,1,0
55176.5,159,100.75,1,1
55253,159,98.25,1,0
55325,157,423.5,0,0
55338.5,159,375.75,0,0
55383.5,158,101.75,1,0
55410.5,160,247.75,0,0
55469,157,154.25,1,0
55536.5,159,126.25,1,0
55604,158,98.5,1,0
55649,157,477.25,0,1
55667,158,490.5,0,1
55730,156,98,1,0
55869.5,159,102.5,1,0
55869.5,158,400.5,0,0
55932.5,156,504.25,0,0
55950.5,157,378.25,0,0
55964,158,127,1,1
56000,156,100.25,1,0
56027,158,99.5,1,0
56099,157,427,0,1
56117,160,369.25,0,0
56135,156,281.5,0,0
56166.5,158,100.5,1,0
56175.5,158,101.25,1,0
56225,160,378,0,0
56234,158,227.75,0,1
56234,156,180.25,0,0
56256.5,157,102.5,1,0
56283.5,159,97.5,1,0
56301.5,157,221,0,1
56378,156,418,0,1
56391.5,157,268.25,0,0
56504,158,100.75,1,0
56513,157,218.75,0,0
56544.5,157,100.25,1,0
56625.5,157,98.5,1,0
56634.5,159,100.5,1,0
56742.5,151,247,0,0
56765,155,427.75,0,0
56891,156,120.5,1,1
57003.5,151,98,1,0
57012.5,154,98.25,1,0
57030.5,155,201.25,0,0
57044,151,256.5,0,0
57057.5,152,227.25,0,0
57089,153,393.75,0,1
57125,153,400,0,1
57129.5,155,96.25,1,0
57134,151,125.75,1,0
57170,152,97.5,1,0
57192.5,153,445.75,0,0
57228.5,155,377.75,0,1
57269,151,304.5,0,0
57345.5,153,103,1,0
57354.5,151,255.25,0,1
57359,151,100.25,1,0
57386,151,97,1,0
57399.5,155,403,0,1
57399.5,153,424.25,0,1
57431,151,98.5,1,0
57435.5,152,297.5,0,1
57467,153,406.5,0,1
57476,154,99.75,1,0
57480.5,152,225.75,0,1
57480.5,151,100,1,0
57530,155,100.25,1,0
57575,153,103.25,1,0
57588.5,151,100,1,0
57593,152,100,1,0
57597.5,152,413.75,0,0
57642.5,151,103.75,1,0
57647,152,314,0,0
57656,151,346.25,0,1
57692,155,227,0,1
57741.5,153,256.5,0,0
57746,155,98.5,1,0
57773,153,155.5,1,0
57791,153,100.75,1,0
57818,154,501,0,1
57840.5,154,426.5,0,0
58007,155,243,0,0
58016,151,473.75,0,0
58025,153,98,1,0
58034,152,202,0,0
58043,153,101.75,1,0
58173.5,153,426.5,0,1
58200.5,151,471.5,0,1
58205,155,118.75,1,0
58227.5,151,420,0,0
58259,151,178.25,0,0
58331,151,427,0,1
58371.5,155,393.75,0,0
58398.5,155,98,1,0
58560.5,154,125.5,1,0
58583,154,226.25,0,0
58659.5,153,102.5,1,0
58790,152,224.75,0,1
58902.5,150,177.5,0,0
58925,147,100.75,1,0
59015,147,99.75,1,0
59037.5,150,96.75,1,0
59055.5,151,352.75,0,0
59069,150,372,0,1
59105,148,451.75,0,0
59105,147,395.25,0,1
59132,150,124.25,1,0
59150,147,345.5,0,0
59172.5,147,104.25,1,0
59186,146,224.25,0,1
59190.5,149,168,0,0
59258,148,229,0,0
59294,146,296.25,0,0
59321,147,98.25,1,0
59420,146,377.5,0,1
59424.5,150,273.75,0,0
59442.5,148,148.5,1,1
59456,147,225.75,0,1
59501,149,307,0,0
59528,146,120.5,1,0
59577.5,147,101.25,1,0
59618,147,128.25,1,0
59798,148,243.75,0,1
59820.5,147,170,0,0
59834,150,101.75,1,0
59856.5,149,499,0,1
59951,148,528.25,0,1
60027.5,146,165.75,0,0
60077,147,100,1,0
60126.5,147,273.75,0,0
60135.5,149,321.5,0,0
60144.5,149,415.75,0,1
60149,149,175.5,1,1
60212,148,278.75,0,0
60297.5,148,271.25,0,0
60311,148,246,0,0
60437,149,203.5,0,0
60477.5,147,457,0,1
60477.5,146,276.75,0,1
60536,150,177,1,0
60558.5,150,104.25,1,0
60572,148,353.75,0,1
60581,150,370.5,0,0
60599,149,346.75,0,1
60639.5,149,98.25,1,0
60698,146,103.75,1,0
60711.5,146,103.75,1,0
60729.5,146,98.5,1,0
60743,148,462.5,0,1
60752,146,274,0,0
60806,147,480.5,0,1
60837.5,147,422.5,0,1
60860,150,104.5,1,0
60864.5,149,95.25,1,0
60873.5,147,444.5,0,1
60918.5,147,126.5,1,0
60977,149,455.5,0,1
60995,149,454,0,1
61116.5,144,100.75,1,0
61139,143,404,0,0
61157,143,99,2,0
61229,144,334.25,0,0
61364,143,96,2,0
61395.5,145,101.5,1,0
61418,145,104,1,0
61422.5,145,414.25,0,1
61422.5,144,97,2,0
61517,146,95.25,1,0
61553,143,446.75,0,1
61652,143,474.25,0,1
61674.5,144,402.5,0,1
61724,142,254,0,0
61854.5,145,495.75,0,1
61890.5,142,99,1,0
61913,144,294.25,0,0
61926.5,145,123.5,1,0
61994,142,254.25,0,0
62043.5,145,123.5,1,0
62043.5,142,101.5,1,0
62075,145,104.25,1,0
62079.5,145,350.5,0,1
62093,144,124.5,1,0
62106.5,142,127.75,1,0
62151.5,144,125.75,1,0
62232.5,145,291,0,0
62268.5,142,151,1,0
62268.5,142,104,1,0
62282,142,374.5,0,1
62286.5,144,102.75,1,0
62300,145,99.25,2,0
62318,144,97.5,1,0
62318,143,100.25,1,0
62318,143,97.75,1,0
62354,144,101.5,1,0
62354,143,208,0,1
62385.5,143,428.75,0,1
62421.5,145,123.25,1,0
62439.5,142,102.25,1,0
62453,144,100.25,1,0
62466.5,142,98,2,0
62502.5,143,223.25,0,0
62538.5,146,355.25,0,0
62651,144,104.25,1,0
62732,144,426,0,1
62741,146,421.75,0,1
62750,143,321,0,0
62759,144,272,0,0
62759,144,101.5,1,0
62768,142,99,1,0
62772.5,142,124,1,0
62813,142,247.75,0,0
62912,144,125.75,1,0
62934.5,146,347.25,0,0
62979.5,144,417.75,0,1
62979.5,144,346,0,0
62984,144,95.75,1,0
62993,142,447.5,0,1
63029,143,98.25,1,0
63087.5,143,102,1,0
63254,140,222.75,0,1
63267.5,140,377.25,0,1
63299,139,102.25,1,0
63402.5,140,273.25,0,0
63452,138,102,1,0
63452,138,122.25,1,1
63483.5,141,98.75,1,0
63497,138,393.25,0,0
63533,142,220.25,0,1
63564.5,139,250.5,0,0
63668,138,103.75,1,0
63672.5,141,374.25,0,0
63731,140,128,1,0
63744.5,142,100.5,1,0
63758,140,96.5,1,0
63816.5,140,469.5,0,1
63834.5,140,103.75,1,0
63834.5,140,446.25,0,0
63897.5,137,300,0,0
63915.5,141,101.5,2,0
63942.5,140,101.25,1,0
63978.5,139,345.75,0,0
64050.5,139,426.75,0,1
64149.5,138,374.5,0,0
64158.5,137,105.5,1,0
64280,138,226,0,0
64289,141,230,0,0
64329.5,138,482.5,0,1
64406,139,124.25,1,0
64406,139,401.25,0,0
64428.5,139,324.75,0,0
64455.5,140,101.25,2,0
64464.5,139,272.75,0,1
64464.5,138,98.5,1,0
64541,140,98.25,2,0
64545.5,137,394.75,0,0
64563.5,140,104.75,1,0
64721,140,375.75,0,1
64757,140,349.5,0,0
64779.5,139,419.5,0,1
64784,139,398.5,0,0
64829,139,98.75,1,0
64829,138,472.25,0,1
64842.5,140,256,0,0
64946,137,103.75,1,0
65009,139,482.75,0,0
65090,137,242.75,0,1
65108,139,276.5,0,0
65121.5,141,95.75,2,0
65234,139,449,0,1
65256.5,140,402.5,0,1
65292.5,138,283.75,0,0
65324,141,425.75,0,1
65324,138,382.25,0,1
65364.5,136,320.5,0,0
65378,135,96.5,2,0
65490.5,135,99.5,1,0
65531,136,100.25,2,0
65535.5,136,124.5,1,0
65535.5,133,229.5,0,0
65621,135,345,0,1
65666,134,127.75,1,0
65711,135,101,1,0
65837,134,98.5,2,0
65972,134,99.5,1,0
66012.5,136,101.5,2,0
66012.5,135,369.25,0,1
66102.5,136,453.75,0,0
66120.5,137,481.25,0,1
66260,133,502.5,0,1
66314,134,429.75,0,0
66327.5,135,128,1,0
66390.5,137,349.25,0,0
66417.5,136,356.75,0,0
66417.5,135,95.75,2,0
66453.5,136,348.5,0,0
66467,136,97.5,1,0
66647,135,104.5,2,0
66687.5,134,470.25,0,0
66701,134,227,0,1
66723.5,134,421,0,1
66800,136,368,0,1
66809,134,100.25,1,0
66849.5,135,97.75,2,0
66885.5,134,333.25,0,0
66890,135,268.5,0,0
66899,135,373.25,0,1
66917,133,450.5,0,1
66921.5,136,347.75,0,0
66962,135,97.75,2,0
66971,136,229.5,0,0
67011.5,133,439.75,0,0
67065.5,135,395,0,1
67065.5,134,392.75,0,0
67079,136,225.25,0,0
67083.5,134,396.5,0,1
67115,136,424.25,0,1
67191.5,133,225,0,0
67205,133,258.25,0,0
67250,136,375.75,0,0
67299.5,133,97,2,0
67403,133,401.5,0,1
67425.5,135,218.25,0,1
67461.5,133,102.25,1,0
67475,135,99.5,1,0
67511,134,372,0,1
67551.5,131,276,0,1
67560.5,132,226.5,1,0
67655,132,349.75,0,1
67655,131,95.5,2,0
67682,130,97,2,0
67704.5,131,297.5,0,0
67790,132,455,0,1
67803.5,131,255.5,0,0
67839.5,132,105.25,1,0
67844,131,101.75,2,0
67889,132,96,1,0
67974.5,131,377,0,0
68015,131,99.5,1,0
68024,130,371.75,0,0
68051,130,100.5,1,0
68123,131,91.25,2,0
68154.5,133,99.25,2,0
68181.5,130,101.25,2,0
68199.5,132,378,0,0
68271.5,132,100.75,1,0
68276,132,467.75,0,1
68361.5,130,95.75,2,0
68438,132,101.25,2,0
68465,131,121.75,1,0
68586.5,132,292.5,0,1
68604.5,130,100,2,0
68685.5,131,219,0,0
68703.5,132,374.5,0,1
68735,130,103,1,0
68771,133,520.5,0,1
68816,132,299.5,0,0
68870,132,99.5,2,0
68942,132,97.75,2,0
69009.5,130,373.25,0,1
69063.5,130,368.75,0,1
69068,132,526.5,0,1
69180.5,131,331.25,0,0
69216.5,131,127,1,0
69225.5,132,424,0,1
69288.5,130,499.75,0,1
69302,133,324.75,0,0
69392,133,128,1,0
69401,132,373,0,0
69509,131,99.5,2,0
69531.5,132,168,1,0
69554,130,526.5,0,0
69617,132,277.75,0,0
69621.5,130,350.5,0,1
69675.5,130,304.5,0,0
69689,128,249.25,0,0
69738.5,127,448.75,0,0
69743,127,177.5,1,0
69761,127,100.25,2,0
69765.5,127,375.5,0,1
69770,129,175,1,1
69770,128,125.75,1,0
69806,128,353.5,0,0
69864.5,127,378.5,0,0
69882.5,127,97,2,0
69900.5,129,327.25,0,0
69986,127,126.25,1,0
70071.5,126,422,0,1
70292,128,101,2,0
70328,128,224,1,0
70454,129,491.25,0,1
70476.5,128,348.5,0,1
70503.5,126,98,2,0
70634,128,100.5,2,0
70643,126,349.75,0,0
70674.5,127,102.5,2,0
70715,129,301,0,0
70728.5,129,355.75,0,1
70791.5,128,342.75,0,0
70791.5,126,327.5,0,0
70796,129,350.25,0,0
70818.5,129,376.75,0,0
70881.5,126,252.75,0,0
70917.5,128,130.25,1,0
70949,129,126.75,1,0
70985,130,126.25,1,0
71070.5,129,490.75,0,1
71102,129,446.75,0,0
71138,130,272.5,0,0
71196.5,128,274.75,0,0
71394.5,128,392.5,0,0
71403.5,128,246,0,0
71430.5,127,347,0,0
71457.5,130,123.5,1,0
71498,129,99,2,0
71520.5,128,374.25,0,0
71556.5,126,348.5,0,0
71574.5,126,99.25,2,0
71583.5,128,327.5,0,0
71597,127,447.5,0,1
71637.5,127,478.75,0,1
71691.5,128,445.75,0,0
71705,128,330.25,0,0
71790.5,126,472.5,0,1
71898.5,125,99,2,0
71898.5,124,405.5,0,1
71903,125,376.25,0,0
71925.5,125,341.25,0,0
71943.5,125,171.5,1,0
71984,125,446.5,0,1
72065,125,97,2,0
72110,125,333.5,0,0
72146,124,100.5,2,0
72209,125,406.25,0,0
72272,125,278,0,0
72353,126,322,0,0
72353,125,255,0,0
72366.5,125,103,2,0
72425,125,432.5,0,1
72470,125,271.25,0,0
72497,125,102.75,2,0
72510.5,126,402.25,0,1
72735.5,125,406.25,0,1
72744.5,125,398.5,0,1
72839,126,431.25,0,1
72839,125,103.5,2,0
72866,125,120.5,1,0
72870.5,124,249.75,1,0
72893,124,99,2,0
73032.5,125,100.5,2,0
73131.5,124,202.75,1,0
73338.5,126,219,1,0
73338.5,125,123,1,0
73347.5,124,172,1,0
73374.5,125,245.25,0,0
73388,124,96.5,2,0
73397,126,328,0,0
73410.5,125,452.25,0,1
73437.5,126,251.25,0,1
73446.5,126,344.75,0,0
73554.5,124,101.5,2,0
73595,126,103.25,2,0
73730,126,227.75,1,1
73811,126,352.5,0,0
73932.5,125,98.5,2,0
73937,125,100,2,0
74000,123,167.5,1,1
74013.5,121,370.25,0,0
74022.5,123,97.25,2,0
74112.5,124,272.75,0,0
74139.5,122,99.5,2,0
74144,123,294.75,0,0
74144,123,96.75,2,0
74229.5,122,426,0,1
74261,122,96.5,2,0
74270,121,194,1,0
74423,123,398.25,0,1
74472.5,123,123,1,0
74490.5,123,445,0,0
74517.5,120,254.75,0,0
74531,123,131.25,1,0
74562.5,123,378.75,0,1
74589.5,123,372.5,0,1
74657,124,176,1,0
74693,122,99,2,0
74720,121,268.75,0,1
74733.5,121,275.25,0,0
74765,123,97.75,2,0
74792,122,448.75,0,1
74814.5,120,121,1,0
74819,120,102,2,0
74868.5,121,421.75,0,0
74891,122,372.5,0,1
74918,123,174.75,1,0
74967.5,121,252.75,1,0
75030.5,121,125.5,1,0
75048.5,123,247,0,0
75089,121,256.25,0,0
75165.5,122,311.25,0,0
75206,123,420,0,1
75255.5,123,94.75,2,0
75300.5,122,100.25,2,0
75381.5,123,124,1,0
75521,121,327.5,0,0
75543.5,124,249.25,0,0
75561.5,123,101.75,2,0
75588.5,121,96.25,2,0
75606.5,122,273,0,0
75831.5,124,434,0,1
75849.5,121,100.5,2,0
75849.5,121,331.25,0,1
75867.5,120,97.75,2,0
76061,122,372.75,0,1
76173.5,119,98.75,2,0
76214,120,400,0,0
76254.5,118,98.5,2,0
76308.5,118,119.25,1,0
76466,119,426,0,1
76578.5,118,281.5,0,0
76641.5,120,142.5,1,0
76659.5,119,304.75,0,0
76754,119,127.5,1,0
76826,119,244.25,1,0
76866.5,119,446.75,0,1
76898,119,367.5,0,0
76965.5,119,375,0,1
76997,119,403.25,0,1
77006,119,243.75,1,1
77010.5,119,470.25,0,0
77046.5,119,376,0,0
77204,119,469.25,0,1
77231,120,104,2,0
77366,120,377.5,0,0
77379.5,118,95.25,2,0
77420,120,95.75,2,0
77469.5,118,102.25,2,0
77505.5,119,298.25,0,0
77550.5,119,231.5,1,0
77568.5,118,371.25,0,1
77573,120,481,0,0
77703.5,118,97,2,0
77712.5,120,223,1,0
77721.5,120,99,2,0
77991.5,118,478,0,1
78005,118,100.5,2,0
78122,118,380.75,0,0
78144.5,119,178.25,1,0
78216.5,119,422.75,0,1
78275,119,379.25,0,0
78378.5,115,268.75,0,0
78446,116,245.75,1,0
78468.5,114,432.75,0,1
78626,116,364.5,0,1
78635,115,345.25,0,0
78639.5,117,269,0,0
78783.5,117,339,0,0
78792.5,114,347.5,0,0
78851,115,402.75,0,0
78855.5,115,345.25,0,0
78905,118,271.5,0,0
78909.5,116,102.75,2,0
78936.5,116,283.25,0,1
78936.5,115,103.25,2,0
78977,118,100.5,2,0
78995,117,475,0,1
79026.5,116,98.25,2,1
79031,114,378.75,0,1
79175,118,350.25,0,0
79229,115,375,0,0
79305.5,117,97.75,2,1
79341.5,118,220,1,0
79350.5,115,428.25,0,0
79368.5,117,350.5,0,1
79404.5,116,329.5,0,0
79481,114,476.75,0,1
79512.5,117,396.75,0,1
79539.5,115,378,0,0
79638.5,116,422.5,0,1
79665.5,116,301.25,0,0
79674.5,116,325,0,1
79719.5,115,384.25,0,0
79796,118,194.5,1,0
79796,116,244,1,0
79890.5,117,496.25,0,1
79940,118,99.5,2,0
80007.5,115,100,2,0
80093,114,231.75,1,1
80156,115,424.75,0,1
80196.5,116,251,1,0
80210,114,471.25,0,1
80250.5,116,549.5,0,1
80250.5,114,100.25,2,0
80286.5,116,195.25,1,1
80331.5,115,100.5,2,0
80358.5,117,260.5,1,0
80498,113,127.75,2,0
80529.5,110,355,0,1
80543,111,231.75,1,0
80579,111,473.5,0,1
80588,110,101.75,2,0
80592.5,113,499,0,1
80709.5,112,97.25,2,0
80804,110,98.5,2,0
80853.5,114,351.5,0,0
80871.5,112,126.5,1,1
80903,110,447.5,0,1
80934.5,113,99,2,0
81011,112,96.25,2,0
81038,112,100.25,2,0
81060.5,113,370.25,0,0
81087.5,112,151.75,1,0
81092,113,98,2,0
81110,111,100.25,2,0
81137,113,400.5,0,1
81159.5,111,245.5,1,1
81182,111,96.25,2,0
81186.5,114,195,1,1
81204.5,113,417.75,0,1
81326,114,223,1,0
81389,113,100.5,2,0
81393.5,112,100.75,2,0
81492.5,113,298.25,0,0
81492.5,113,104.75,2,0
81537.5,112,96.75,2,0
81564.5,111,130,2,0
81596,114,101,2,0
81636.5,111,381.25,0,0
81699.5,111,324.5,0,0
81825.5,110,98,2,0
81920,111,145.5,1,0
81938,113,253.75,1,0
81965,111,304.5,0,0
81978.5,110,364.25,0,1
82010,111,92.75,2,0
82041.5,113,104.5,2,0
82077.5,113,101.75,2,0
82122.5,112,103,2,0
82145,113,271,0,0
82289,110,123.75,1,1
82311.5,111,198.5,1,0
82329.5,110,130.5,2,0
82397,112,367.75,0,0
82410.5,114,229.5,1,0
82554.5,113,99,2,0
82617.5,114,426,0,0
82626.5,111,101.75,2,0
82671.5,109,268.25,0,1
82712,108,102.5,2,0
82752.5,109,324.5,0,0
82788.5,109,101.75,2,0
82793,108,105,2,0
83040.5,109,103.75,2,0
83076.5,109,509.75,0,1
83094.5,110,270.75,1,0
83117,109,470.5,0,0
83180,109,125.75,2,0
83184.5,109,103.25,2,0
83261,109,96,2,0
83319.5,110,373.25,0,1
83387,110,369,0,0
83490.5,108,107.25,2,0
83594,110,373.75,0,1
83616.5,109,272.25,1,1
83675,108,101.75,2,0
83738,110,374.25,0,0
83792,110,98.25,2,0
83855,109,250.5,1,0
83904.5,110,198.5,1,0
84003.5,109,255.5,1,0
84071,109,106.25,2,0
84075.5,110,201,1,0
84102.5,108,346.75,0,0
84147.5,110,253.75,1,1
84156.5,108,125.5,2,1
84170,110,490.25,0,1
84179,108,404,0,1
84224,108,435.5,0,0
84237.5,109,308.25,0,1
84273.5,110,388.25,0,1
84350,110,502,0,0
84449,110,324.5,0,0
84476,110,103.25,2,0
84557,109,98,2,0
84575,109,99.25,2,0
84615.5,109,101.25,2,0
84629,110,267.25,1,0
84669.5,109,397.75,0,0
84804.5,106,104.25,2,0
84809,107,244,1,0
84840.5,107,376.5,0,0
85097,106,126.75,2,0
85101.5,107,325.75,0,0
85106,106,397.75,0,1
85218.5,106,379.25,0,0
85349,106,99,2,0
85502,106,299,0,1
85502,105,98,2,0
85506.5,106,257.25,1,0
85695.5,106,460.5,0,1
85695.5,106,306.25,0,0
85709,107,100.5,2,0
85736,106,98.5,2,0
85817,108,274,1,0
85925,107,422,0,1
86001.5,107,198.25,1,1
86019.5,106,134,1,0
86055.5,106,320.25,0,0
86091.5,107,279.75,1,1
86114,107,128.5,2,0
86195,107,350.75,0,0
86231,108,101,2,0
86312,107,244.25,1,0
86438,107,351.5,0,1
86541.5,108,99.25,2,0
86591,107,103.75,2,0
86600,105,350,0,1
86627,107,473.5,0,1
86627,106,122.5,2,1
86649.5,108,291.75,0,0
86672,106,331.75,0,1
86690,106,105.5,2,0
86726,106,370.75,0,0
86735,108,100.25,2,0
86753,106,399.5,0,1
86861,108,275.75,1,0
86865.5,106,472.25,0,1
86874.5,108,101.5,2,0
86897,107,303.25,0,0
86915,105,102,2,0
86937.5,106,451.25,0,0
87077,105,102,3,0
87144.5,104,101,2,0
87185,105,425.25,0,1
87207.5,103,100.25,2,0
87248,105,228.25,1,0
87432.5,104,245,1,0
87441.5,105,101.5,2,0
87509,103,309,1,0
87648.5,104,404.25,0,1
87860,104,103,2,0
87905,105,97.25,2,0
87918.5,105,426.75,0,1
87986,105,101.5,2,0
87995,104,96.5,2,0
88004,104,128.75,2,0
88076,103,99.75,2,0
88139,104,275,1,1
88215.5,104,98.75,3,0
88274,103,426.75,0,1
88341.5,103,102.5,2,0
88359.5,104,473.75,0,0
88404.5,104,351,0,0
88566.5,104,95.25,3,0
88575.5,104,122.5,2,0
88589,103,435.25,0,1
88602.5,103,250.75,1,1
88620.5,104,103.5,3,0
88625,104,422.25,0,1
88679,104,98,2,0
88809.5,105,280,1,0
88845.5,103,424.5,0,1
88863.5,104,390.75,0,0
88890.5,104,252.25,1,0
88895,105,257.75,1,1
89079.5,105,277.5,1,0
89111,103,451.75,0,0
89124.5,102,221.75,1,0
89160.5,102,173.25,1,0
89219,103,398.75,0,0
89336,102,175.5,1,0
89345,101,431.25,0,0
89354,101,225.25,1,1
89475.5,101,275,1,0
89516,101,96.5,3,0
89556.5,100,295.5,1,0
89588,102,271.25,1,0
89628.5,101,470,0,1
89777,102,376,0,0
89804,101,102.25,3,0
89862.5,102,96,3,0
89957,103,471,0,1
89957,101,378.75,0,0
89961.5,101,100.75,3,0
90029,101,478.25,0,1
90128,100,96.75,3,0
90132.5,102,98.25,3,0
90209,102,95.5,3,0
90213.5,102,180,1,0
90218,102,123.5,2,0
90222.5,102,98,3,0
90245,101,506.75,0,1
90276.5,101,297.25,1,0
90312.5,100,102.25,2,0
90326,101,426.5,0,0
90582.5,101,99.25,2,0
90600.5,101,405.75,0,0
90717.5,102,100.75,2,0
90767,102,375.25,0,0
90785,103,149,2,0
90924.5,103,124.25,2,0
90951.5,101,299.5,1,0
90969.5,101,129.25,2,0
90974,101,442,0,0
90992,101,403.5,0,1
91028,101,125,2,0
91059.5,101,125.5,2,0
91100,102,102.25,3,0
91113.5,101,419.25,0,1
91163,100,148.75,2,0
91203.5,101,99.5,3,0
91253,102,427.5,0,0
91257.5,102,367.5,0,1
91293.5,100,222.25,1,0
91419.5,99,396.25,0,1
91482.5,98,360.75,0,1
91563.5,99,278.5,1,0
91608.5,100,397.5,0,0
91739,99,116.5,2,0
91752.5,100,399.25,0,0
91838,98,97.5,3,0
91910,100,247.25,1,0
91968.5,100,373.75,0,1
92027,98,120.75,2,0
92117,100,440.25,0,0
92211.5,98,100.75,3,0
92297,100,416.5,0,1
92382.5,98,98.5,3,0
92436.5,99,100.75,3,0
92459,100,153.75,2,1
92468,100,97.5,2,0
92625.5,99,98.75,3,0
92805.5,98,98,3,0
92832.5,100,127.25,2,0
92877.5,100,454,0,1
92918,99,249.75,1,1
92927,99,100,3,0
92940.5,99,99.25,3,0
92963,98,241.75,1,1
92976.5,99,150.5,2,0
93048.5,99,470.25,0,0
93062,98,370.75,0,1
93116,100,232,1,0
93125,98,120.75,2,0
93197,100,99,2,0
93210.5,100,173,1,0
93246.5,98,428,0,1
93327.5,100,101.25,2,0
93395,99,374.75,0,1
93399.5,99,307,1,0
93512,97,450.5,0,0
93512,96,315.75,1,0
93615.5,98,100,3,0
93624.5,96,405,0,1
93660.5,97,364.5,0,0
93746,97,503,0,1
93759.5,96,504.25,0,1
93795.5,95,97.75,3,0
93845,96,498.25,0,1
93944,95,121.5,2,0
94227.5,96,372.75,0,1
94236.5,97,299,1,0
94259,97,272.75,1,0
94286,95,197,1,0
94313,95,374.75,0,1
94340,97,100.75,3,0
94349,97,128.5,2,0
94434.5,96,373.75,0,0
94457,95,103,3,0
94470.5,96,479.5,0,0
94493,97,395.75,0,0
94524.5,95,366.5,0,0
94538,96,171.25,1,0
94596.5,98,103.5,3,0
94619,95,477.5,0,1
94637,95,352.5,0,0
94659.5,97,527.5,0,1
94722.5,95,98.25,3,0
94763,95,400.25,0,1
94772,97,178.75,1,0
94776.5,96,432.25,0,1
94857.5,96,332,1,0
94884.5,96,423.5,0,1
94907,96,336.25,0,0
94911.5,96,501.5,0,1
95019.5,98,100,3,0
95069,97,430.25,0,1
95073.5,95,269.5,1,1
95078,97,371.75,0,1
95123,97,351,0,0
95163.5,95,103.25,3,0
95195,97,97.5,3,0
95195,97,101.25,3,0
95271.5,96,249,1,0
95375,97,349.25,0,0
95415.5,97,382.5,0,1
95465,97,121.25,2,0
95483,95,382,0,0
95546,97,97.75,3,0
95568.5,97,224.5,1,0
95609,93,209.5,1,1
95802.5,92,339,1,0
95861,94,505.75,0,1
96000.5,94,103.75,3,0
96000.5,93,175.25,1,0
96072.5,93,100.25,3,0
96104,94,101,3,0
96140,93,401.25,0,1
96212,94,251.5,1,0
96252.5,94,96.75,3,0
96257,93,516.75,0,1
96302,93,124.5,2,0
96419,93,352.25,1,0
96491,94,196,1,0
96491,93,99,3,0
96608,94,98,3,0
96657.5,94,427.75,0,1
96662,94,390,0,0
96743,93,125.25,2,0
96770,95,170,1,1
96779,94,447.25,0,1
96900.5,95,379.25,0,0
96932,94,99.25,3,0
96941,94,101.25,3,0
96941,93,102,3,0
96959,94,96.25,3,0
96977,93,426.25,0,1
97071.5,93,153,2,1
97085,94,98.75,3,0
97098.5,93,433.25,0,1
97148,95,399.75,0,1
97152.5,94,472,0,1
97197.5,93,200.5,1,0
97202,95,279.25,1,0
97274,94,408.5,0,1
97274,93,429.75,0,0
97476.5,94,100,3,0
97566.5,94,120.5,2,0
97616,93,99.75,3,0
97679,94,447.5,0,1
97778,92,96.25,3,0
97809.5,92,276,1,0
97836.5,92,390.5,0,0
97850,91,101.25,3,0
97854.5,91,102.5,3,0
97859,91,475.5,0,0
97899.5,91,423,0,1
97917.5,92,249.25,1,0
97922,92,458.75,0,1
97926.5,92,225,1,0
97976,91,379.5,0,0
97980.5,91,404.25,0,1
98039,92,298.25,1,0
98057,91,96.75,3,0
98057,91,94.25,3,0
98129,92,99.5,3,0
98165,91,397.5,0,1
98291,92,101.75,3,0
98322.5,91,465,0,0
98426,91,368.75,0,1
98538.5,92,370.25,0,1
98606,91,101.25,3,0
98678,92,392.5,0,0
98732,91,247,1,1
98781.5,91,276.5,1,0
98799.5,91,103.25,3,0
98853.5,92,97.75,3,0
98907.5,92,394.25,0,0
98961.5,92,323.75,1,0
99051.5,92,247.75,1,1
99182,92,100,3,0
99204.5,91,414.5,0,0
99218,91,200.25,1,1
99429.5,91,128.75,2,0
99501.5,92,97.75,3,0
99776,92,100,3,0
99803,91,350.75,1,0
99861.5,91,399.25,0,0
99978.5,88,376.25,0,0
99987.5,88,424,0,0
100010,89,270.5,1,0
100091,91,473.75,0,1
100131.5,90,101.25,3,0
100145,90,96.5,3,0
100154,91,474.25,0,1
100293.5,88,104.25,3,0
100338.5,90,297.25,1,1
100343,89,250,1,0
100370,89,383,0,0
100388,90,431,0,0
100419.5,91,224.25,1,1
100487,91,124.75,2,0
100707.5,90,372,1,1
100721,90,402.5,0,1
100797.5,90,513,0,0
100851.5,89,476.75,0,1
100950.5,89,98.75,3,0
100982,90,278.5,1,1
101045,90,257.5,1,1
101081,90,102.25,3,0
101112.5,89,128,2,0
101180,89,100.25,3,0
101202.5,90,329.25,1,0
101324,89,218.75,1,1
101333,89,96,3,0
101342,89,119,3,0
101499.5,90,102,3,0
101616.5,90,424,0,1
101616.5,90,507.5,0,0
101634.5,90,99.75,3,0
101733.5,91,96,3,0
101769.5,91,500.75,0,0
101787.5,89,251.5,1,0
101832.5,91,391.5,0,1
101940.5,89,250.5,1,0
102044,89,132.25,2,0
102080,86,407.25,0,0
102197,87,251.5,1,0
102260,88,355,1,1
102287,87,449,0,1
102296,87,121.25,2,0
102314,87,121,3,0
102440,86,99.25,3,0
102453.5,86,274.25,1,0
102507.5,86,350.75,1,1
102521,86,422.5,0,1
102543.5,87,128,2,0
102570.5,86,101,3,0
102674,87,502.5,0,1
102683,88,95,3,0
102687.5,88,496.5,0,0
102746,86,497.25,0,1
102845,87,276.75,1,0
102917,86,97.25,3,0
102926,86,348.25,1,0
102939.5,87,98.25,3,0
103079,86,100.25,3,0
103115,86,491.5,0,1
103146.5,87,359.75,1,0
103340,87,103,3,0
103358,88,156,2,0
103362.5,87,224.75,1,0
103362.5,86,369.25,0,1
103439,88,99.75,3,0
103443.5,87,221.75,1,0
103461.5,86,394.75,0,1
103488.5,87,150.75,2,0
103556,85,98.25,4,0
103628,87,101.75,3,0
103637,86,395,0,0
103650.5,87,444.25,0,0
103704.5,86,364,1,0
103736,86,476,0,1
103740.5,87,102,3,1
103781,87,100.75,3,0
103785.5,87,125.5,2,0
103839.5,87,366.75,1,0
103857.5,86,350.75,1,0
103871,86,280.75,1,0
103997,86,203.25,1,1
104069,87,462.5,0,1
104073.5,88,277.5,1,0
104132,87,273,1,0
104231,87,100,3,0
104303,84,99.75,3,0
104316.5,85,100.5,3,0
104339,84,105.5,3,0
104375,85,279.25,1,1
104384,84,327.25,1,1
104478.5,84,152,2,0
104505.5,84,101.75,3,0
104573,85,293,1,1
104582,84,248,1,0
104631.5,83,371.5,1,1
104690,84,323.5,1,1
104865.5,84,99.5,3,0
104870,83,102.25,3,0
104879,85,99.25,3,0
104946.5,84,396,0,0
105018.5,85,346,1,0
105113,84,102.75,3,0
105225.5,84,280.5,1,0
105257,84,390.5,0,1
105266,84,203.25,1,0
105297.5,85,126.25,3,0
105401,83,98.75,3,0
105482,85,127,2,0
105486.5,83,125.25,3,0
105518,83,402.25,0,1
105567.5,84,324.25,1,0
105639.5,84,100.25,3,0
105707,83,405.75,1,1
105810.5,84,474.25,0,1
105828.5,85,244,1,0
105941,84,131,2,0
105963.5,83,294.75,1,0
106004,85,244.75,1,0
106017.5,84,124.25,2,0
106098.5,83,368.75,1,0
106139,84,272,1,0
106229,85,103.25,3,0
106233.5,84,97,3,0
106242.5,84,397.75,0,0
106260.5,84,127.25,3,0
106391,84,423,0,0
106526,83,178.75,2,0
106602.5,82,124.25,3,0
106661,82,248,1,0
106755.5,83,125.25,2,0
106791.5,82,455.5,0,0
106841,83,292,1,0
106962.5,82,373.25,1,0
106989.5,82,420.25,0,0
107106.5,82,97,3,0
107111,83,98,3,0
107286.5,82,281.25,1,0
107336,83,190.5,1,0
107340.5,83,515.5,0,0
107349.5,82,203.25,1,0
107376.5,82,100.75,3,0
107417,83,195.5,1,1
107579,82,98.25,3,0
107592.5,82,493.5,0,1
107601.5,82,100.75,3,0
107610.5,83,399,1,1
107619.5,83,143,2,1
107628.5,83,179.5,2,0
107655.5,83,123,3,0
108020,82,98.25,4,0
108074,82,177,2,0
108114.5,82,425.75,0,0
108155,82,333,1,0
108231.5,83,130.5,2,0
108330.5,83,381,1,0
108465.5,83,100.75,3,0
108654.5,81,228.25,1,0
108915.5,81,450.75,0,1
108915.5,81,126,3,0
109014.5,80,100.75,3,0
109014.5,80,98.75,3,0
109050.5,80,376.5,1,1
109127,80,446,0,0
109140.5,80,95.25,4,0
109176.5,81,287.25,1,1
109181,80,499.25,0,1
109343,81,288.25,1,0
109383.5,80,122.25,3,0
109509.5,81,323.25,1,1
109532,81,345,1,1
109581.5,81,393.75,1,0
109680.5,80,126.25,3,0
109716.5,81,224.75,1,0
109725.5,80,99.25,3,0
109788.5,81,475.75,0,1
109797.5,81,97,3,0
109829,80,95.75,4,0
109950.5,81,375,1,1
109982,80,425.25,0,0
109991,80,471,0,0
110108,80,399,0,0
110135,80,95.5,4,0
110274.5,80,250,1,0
110391.5,80,125,3,0
110405,80,99.75,3,0
110427.5,80,171.5,2,0
110513,81,93.5,4,0
110621,80,126.25,3,0
110702,80,95.5,3,0
110711,80,97.75,4,0
110769.5,79,492.75,0,1
110783,79,98.25,4,0
110783,79,404.25,1,1
110832.5,78,168.75,2,0
110900,79,328,1,0
110994.5,79,295.5,1,0
111035,78,217.75,1,0
111062,78,402.5,1,0
111116,79,98,4,0
111174.5,79,102.75,3,0
111188,79,99,3,0
111201.5,79,375.5,1,0
111224,79,124.25,3,0
111282.5,78,114.75,3,0
111503,78,100.25,3,0
111561.5,79,423,0,0
111818,78,453,0,0
111867.5,78,103.25,3,0
111939.5,80,476.25,0,0
111957.5,79,447.75,0,0
111962,79,104,4,1
112025,79,178.75,2,0
112034,78,99.5,3,0
112065.5,79,103.25,4,0
112137.5,78,199.75,2,0
112146.5,78,259,1,0
112151,79,297,1,1
112155.5,78,97,3,0
112160,78,321.25,1,0
112218.5,78,102.25,3,0
112223,79,124,3,0
112254.5,79,98.25,4,0
112263.5,79,178.25,2,0
112263.5,78,194.25,2,0
112335.5,78,376.75,1,1
112371.5,78,97.5,4,0
112452.5,79,101,3,0
112587.5,79,99.75,3,0
112601,78,409.5,1,0
112641.5,78,400,1,0
112677.5,80,419,0,1
112682,78,101.25,3,0
112799,78,94.75,4,0
112826,78,247.25,1,0
112853,79,96.75,4,0
112880,77,182.5,2,1
112884.5,76,103.5,3,0
112970,77,96.75,3,0
113051,78,280.5,1,0
113055.5,77,391.5,1,0
113195,77,95.75,4,0
113213,77,102.5,4,0
113240,77,100.25,3,0
113307.5,78,374.75,1,1
113397.5,76,492.5,0,1
113550.5,77,99.25,4,0
113762,77,106.5,3,0
113838.5,77,102.25,3,0
113897,77,348.25,1,0
113897,76,550.5,0,1
113901.5,77,326,1,1
113906,77,399.75,0,0
113942,77,394.25,1,0
114072.5,77,291,1,0
114149,77,471,0,1
114158,76,100.75,3,0
114185,77,351,1,0
114185,77,275,1,1
114293,77,448.5,0,1
114360.5,77,101.25,4,0
114396.5,77,474.5,0,1
114414.5,77,249,1,0
114464,77,99.25,4,0
114545,77,97.5,4,0
114594.5,77,175.75,2,0
114671,77,98.5,4,0
114711.5,77,98.75,4,1
114716,76,448.75,0,1
114914,77,244,1,1
114927.5,76,96,4,0
114932,76,380.5,1,0
115031,76,270,1,0
115125.5,75,497.5,0,1
115130,75,103.25,3,0
115179.5,76,445.75,0,0
115206.5,74,92,4,0
115229,75,401.75,1,0
115229,74,276,1,0
115242.5,76,492.5,0,1
115274,76,422.25,1,1
115359.5,75,422.25,0,1
115418,76,490.5,0,1
115418,74,503,0,1
115454,75,416,1,1
115544,75,97,4,0
115589,75,480,0,1
115818.5,75,501.25,0,1
115845.5,76,494.5,0,0
115953.5,74,122.25,3,0
116021,75,432.75,0,0
116034.5,75,315.25,1,0
116043.5,76,241.75,1,1
116088.5,75,102.75,3,0
116133.5,75,101,4,0
116196.5,75,510.5,0,1
116313.5,76,125.5,3,0
116322.5,75,102.75,3,0
116345,76,99.25,4,0
116363,75,309.75,1,0
116426,75,347.5,1,0
116444,75,104.25,4,0
116480,75,402.25,1,1
116534,76,178,2,0
116597,75,253,1,0
116687,76,372,1,1
116718.5,76,284,1,0
116934.5,75,333.5,1,0
116975,76,131,3,0
116975,75,177,2,1
117015.5,75,121.25,3,0
117087.5,76,100.5,4,0
117101,76,470,0,1
117114.5,75,101.5,4,0
117150.5,75,100.5,4,0
117168.5,75,97.75,4,0
117249.5,74,97.75,4,0
117312.5,74,248.5,1,0
117330.5,74,522,0,1
117447.5,74,197.5,2,0
117452,74,279.75,1,0
117470,74,97,4,0
117533,74,345.5,1,0
117807.5,74,97.75,3,0
117852.5,74,100,4,0
117870.5,74,307.5,1,0
117893,74,100.5,4,0
117942.5,74,122.25,3,0
118109,74,100.25,4,0
118154,74,102,4,0
118158.5,74,102,4,0
118311.5,74,101.75,4,0
118370,74,103,4,0
118379,74,323.5,1,1
118388,74,307.75,1,0
118406,74,281,1,0
118491.5,74,94,4,0
118505,74,456.5,0,1
118577,74,420.25,1,1
118608.5,74,447,0,1
118662.5,74,371.5,1,1
118694,74,195.5,2,0
118698.5,74,310.5,1,0
118743.5,74,125.5,3,0
118896.5,74,251.75,1,0
118964,74,96.75,4,1
119166.5,74,394.75,1,1
119216,74,100.25,4,0
119292.5,74,96.25,4,0
119486,72,489.25,0,1
119648,72,105,4,0
119652.5,73,374.5,1,1
119720,72,345,1,0
119738,72,126.25,3,0
119774,73,343,1,0
119792,73,97.75,4,0
119904.5,73,99.5,4,0
119904.5,73,132.25,3,0
119931.5,73,97,4,0
119945,73,128.5,3,0
120008,72,328.75,1,0
120048.5,72,396.25,1,1
120066.5,72,398.75,1,1
120107,73,400.25,1,0
120255.5,73,170.25,2,0
120309.5,73,376.75,1,0
120336.5,73,341.25,1,0
120363.5,73,477.5,0,1
120368,72,423,1,1
120404,73,99.5,4,0
120579.5,73,382.25,1,0
120692,73,103.75,4,0
120741.5,72,247.25,1,0
120791,72,99,4,0
120827,72,475,0,1
120885.5,73,494.5,0,1
120894.5,72,127.5,3,0
121016,73,390.5,1,0
121083.5,73,103.75,4,0
121128.5,74,96,4,0
121178,72,98.75,4,0
121268,73,273,1,0
121304,73,103.25,4,0
121371.5,73,155.25,2,0
121407.5,72,99.75,4,0
121448,72,410,1,1
121461.5,73,272.25,1,1
121529,71,99.25,4,0
121619,71,449,1,1
121641.5,72,373.75,1,0
121677.5,71,503.75,0,1
121700,72,416,1,0
121776.5,72,299,1,0
121776.5,72,380,1,1
121808,71,497.75,0,1
121817,72,150.5,3,1
121835,71,101.5,4,0
121911.5,71,447,1,1
121947.5,71,499.75,0,1
122028.5,71,520.25,0,1
122033,72,121.75,3,0
122051,71,371,1,1
122082.5,71,98,4,0
122213,71,455.5,1,1
122334.5,72,402.25,1,0
122492,72,123.25,3,0
122528,71,127,3,0
122528,71,425.75,1,1
122604.5,71,98.5,4,0
122942,71,95.5,4,0
123005,72,350,1,1
123014,72,297.75,1,0
123081.5,72,510,0,1
123113,71,372.25,1,1
123144.5,71,104.5,4,0
123198.5,71,378.25,1,1
123230,72,229,2,0
123270.5,71,376.5,1,1
123306.5,72,97.5,4,0
123329,71,480.25,0,1
123468.5,72,345,1,1
123468.5,72,100,4,0
123594.5,71,181.25,2,0
123639.5,72,375.5,1,0
123743,69,271,1,1
123752,70,404.5,1,0
123792.5,70,96.75,4,0
124004,70,382.5,1,0
124049,71,397,1,1
124071.5,71,303,1,0
124089.5,69,223.25,2,0
124134.5,70,279.75,1,1
124296.5,70,99.25,4,0
124440.5,69,122.75,3,0
124467.5,71,101.5,4,0
124557.5,70,444.75,1,0
124557.5,70,98.25,4,0
124656.5,71,483.25,1,1
124764.5,70,430,1,0
124787,70,500.75,0,1
124899.5,70,275,1,0
124904,71,352.5,1,0
124931,70,124.75,3,0
125003,69,324,1,0
125084,70,97.5,4,0
125102,70,359,1,1
125102,69,248.5,1,0
125241.5,69,445.25,1,1
125345,70,372.75,1,0
125349.5,70,98,4,0
125417,70,123.25,3,0
125435,71,125.25,3,0
125565.5,70,201.5,2,1
125601.5,69,117.75,3,0
125619.5,70,472.75,0,0
125691.5,70,123.5,3,0
125691.5,70,308,1,1
125732,71,124.5,3,0
125804,69,324,1,0
125826.5,70,167.25,2,0
125934.5,69,95.75,4,0
126015.5,68,102.5,4,0
126042.5,68,371.5,1,1
126056,68,449.75,1,1
126087.5,69,273.5,1,0
126285.5,68,431.5,1,1
126357.5,68,409.75,1,0
126429.5,69,97,4,1
126474.5,69,557,0,0
126474.5,68,120,3,0
126488,69,265.75,1,0
126542,69,222.25,2,0
126560,69,478.5,0,0
126650,68,413.25,1,0
126735.5,68,103.75,4,0
126834.5,68,201.75,2,0
126938,69,128.5,3,0
126942.5,68,99.25,4,0
127046,69,377,1,0
127091,68,99.75,4,0
127145,68,239.25,2,0
127208,68,296,1,0
127226,68,102.5,4,0
127307,68,101,4,0
127343,68,96.5,4,0
127374.5,69,275.75,1,1
127419.5,69,97.5,5,0
127487,69,363.25,1,1
127572.5,69,124.5,3,0
127617.5,68,366.25,1,0
127635.5,69,97.25,5,0
127824.5,68,100.25,4,0
127892,68,102.5,4,0
127946,69,347.5,1,0
128013.5,68,497.25,0,1
128103.5,67,452.5,1,1
128148.5,68,100.25,4,0
128148.5,67,351.75,1,0
128351,67,424,1,0
128355.5,66,122.75,3,0
128454.5,67,102.75,4,0
128495,67,349.75,1,0
128544.5,67,275.75,1,1
128630,67,354,1,0
128733.5,67,262.5,1,0
128751.5,68,448.25,1,1
128774,68,97.25,4,0
128832.5,67,100,4,0
128927,68,105,4,0
128936,67,247.75,1,1
129048.5,67,126.25,3,0
129089,67,357,1,0
129102.5,67,104,4,0
129156.5,66,375.5,1,0
129264.5,67,352,1,1
129359,67,97.5,4,0
129390.5,67,294.25,1,0
129404,67,470.5,1,1
129408.5,67,429.75,1,0
129422,67,372.75,1,0
129471.5,68,119.75,3,0
129494,67,129.5,3,0
129552.5,67,401,1,1
129642.5,67,393.75,1,0
129642.5,67,248.5,1,0
129660.5,67,103.25,4,0
129669.5,68,506.75,0,1
129678.5,66,97.75,5,0
129786.5,67,426.5,1,0
129939.5,68,271.25,1,0
129948.5,67,349,1,0
129984.5,67,481,0,1
130002.5,67,124.75,3,0
130038.5,67,97.5,4,0
130052,68,441.75,1,1
130164.5,66,146.5,3,0
130308.5,65,97.25,4,0
130380.5,65,102,4,0
130578.5,65,225,2,0
130619,66,124,4,0
130722.5,66,490.75,1,1
130781,65,120.25,4,0
130866.5,65,326.75,1,0
130961,65,255.5,1,0
130983.5,65,227.25,2,0
130992.5,65,246.5,1,0
131006,65,382.25,1,1
131028.5,65,476.25,1,1
131114,65,123.75,3,0
131132,65,99.75,4,0
131199.5,66,484.25,1,0
131199.5,65,430.5,1,1
131253.5,65,300.25,1,1
131357,66,245.75,2,0
131388.5,65,96.25,4,0
131406.5,66,490,1,1
131460.5,66,498.5,0,1
131478.5,66,106,4,0
131613.5,66,97.75,4,0
131622.5,65,270.75,1,1
131672,66,96.75,5,0
131798,66,438.75,1,0
131802.5,65,273,1,0
131820.5,66,225,2,0
132005,66,483.25,1,1
132032,66,99.75,4,0
132054.5,65,131.5,3,0
132104,65,97.75,4,0
132176,66,229.25,2,0
132297.5,66,355.5,1,0
132401,64,402.75,1,0
132432.5,64,272,1,0
132509,64,100,4,0
132576.5,63,134.5,3,0
132680,63,102.75,4,0
132756.5,65,102.75,4,0
132783.5,64,275.5,1,0
132815,64,295.25,1,0
132828.5,64,99.25,4,0
132842,63,98.5,5,0
132851,64,533.5,0,1
132923,64,295,1,1
132959,64,115.25,4,0
133233.5,64,99.75,4,0
133247,64,415.25,1,1
133251.5,63,301.25,1,0
133274,63,436.25,1,1
133310,64,454.5,1,1
133341.5,64,300,1,0
133463,63,125,3,0
133490,64,469,1,0
133521.5,65,372.25,1,0
133530.5,64,124.75,3,0
133553,64,121.5,4,0
133674.5,64,100.25,5,0
133746.5,64,96.75,4,0
133751,64,100.25,4,0
133778,64,397.5,1,0
133908.5,64,247.5,2,0
133949,65,452.25,1,1
133971.5,64,273.75,1,0
133976,64,123,3,0
134030,63,101.75,4,0
134034.5,63,99.25,5,0
134048,64,174.25,2,0
134115.5,64,399.75,1,0
134196.5,63,95.5,5,0
134219,64,99.75,5,0
134259.5,64,429.5,1,1
134264,63,255.5,1,0
134318,63,431,1,1
134322.5,64,125.25,4,0
134349.5,64,104.75,4,0
134462,64,289.75,1,0
134484.5,63,98.75,4,0
134597,62,478,1,0
134664.5,62,98.5,4,0
134700.5,63,320.75,1,0
134804,63,125.5,4,0
134808.5,62,526.5,0,0
134813,62,255.75,1,0
134826.5,62,98.5,4,0
134975,62,251.75,2,0
134997.5,63,101,4,0
135092,63,101.25,4,0
135110,63,123,4,0
135290,62,433,1,1
135312.5,63,127.5,3,0
135456.5,62,288.75,1,0
135578,63,276.5,1,0
135578,63,369.25,1,1
135578,62,97,5,0
135654.5,62,473.25,1,0
135722,62,251.75,2,0
135740,62,103,4,0
135744.5,63,332,1,0
135906.5,62,422.25,1,0
135920,62,124.75,3,0
135947,62,445,1,0
135987.5,62,253,1,0
136100,62,475.25,1,1
136217,62,274,1,0
136221.5,63,245,2,0
136298,63,281.25,1,0
136334,62,99.5,5,0
136338.5,62,96.75,5,0
136442,63,241.25,1,0
136514,63,373.5,1,0
136586,62,257.75,2,0
136653.5,62,101.5,4,0
136712,62,271.5,1,0
136761.5,61,102.25,4,0
136802,62,303,1,0
136883,61,103,4,0
136919,62,520.75,1,0
136982,62,341.75,1,0
137090,62,458.25,1,1
137099,62,98.5,5,0
137153,60,495,1,1
137171,62,120.25,4,0
137238.5,61,421.75,1,0
137292.5,60,99.75,5,0
137315,61,97.25,5,0
137432,61,96.5,5,0
137436.5,61,283.75,1,0
137535.5,61,365.75,1,0
137535.5,61,102.75,4,0
137567,61,126,3,0
137702,62,222.5,2,0
137729,62,504,1,1
137756,61,421.5,1,1
137810,61,195.5,2,0
137823.5,62,177.75,3,0
138017,62,99,5,0
138044,62,98.75,4,0
138057.5,62,99.75,5,0
138093.5,61,405,1,1
138120.5,61,270.75,1,0
138192.5,62,503.75,1,0
138219.5,62,383.25,1,1
138350,62,183.25,2,0
138381.5,61,268,1,0
138521,61,179,2,0
138615.5,62,176.75,2,0
138786.5,61,275.75,1,0
138795.5,62,96.75,5,0
138917,60,403.75,1,0
139029.5,60,377,1,0
139056.5,60,99.75,5,0
139133,60,244.75,2,0
139326.5,60,202.75,2,0
139362.5,60,100.5,5,0
139371.5,60,99.25,5,0
139443.5,60,125.75,4,1
139466,60,104.25,5,0
139506.5,60,279,1,0
139533.5,60,102.5,4,0
139551.5,60,99.25,5,0
139623.5,60,417.75,1,0
139628,60,407.5,1,1
139794.5,60,122.75,4,0
139916,60,229.5,2,0
140060,60,124.5,4,1
140100.5,60,485,1,0
140105,60,128,4,0
140168,60,98.25,5,0
140249,60,127.75,4,0
140253.5,60,249.25,2,0
140271.5,60,97.25,4,0
140298.5,60,99,4,0
140312,60,324.25,1,0
140321,60,402.5,1,0
140370.5,60,464.5,1,0
140375,60,100.75,5,0
140433.5,60,273.75,1,1
140582,60,324.75,1,0
140609,60,431.25,1,0
140735,60,98.5,5,0
140793.5,60,123.75,4,0
140906,60,102.75,5,0
141005,59,98.75,5,0
141099.5,59,428,1,1
141108.5,59,400.25,1,0
141117.5,59,370.75,1,0
141126.5,60,128.75,4,0
141158,59,97,5,0
141167,59,479,1,0
141221,59,291.75,1,0
141243.5,59,300,1,0
141365,59,274.75,1,0
141401,59,529.75,1,1
141405.5,59,394.5,1,0
141513.5,59,423.75,1,1
141896,59,101.75,5,0
141959,59,99.5,5,0
141990.5,59,268.25,1,0
142067,59,101.5,5,0
142103,60,99.5,5,0
142139,59,102.75,5,0
142274,59,389,1,0
142296.5,59,501.75,1,1
142310,59,511.25,1,1
142350.5,59,367.75,1,0
142355,59,101.75,5,0
142373,59,151.75,3,1
142422.5,59,100.25,5,0
142656.5,59,272.75,2,0
142692.5,59,97,5,0
142710.5,60,99.5,5,0
142787,59,534.5,1,1
142827.5,59,124.75,4,0
143097.5,59,288,1,0
143282,58,501,1,1
143331.5,59,344.5,1,0
143520.5,58,95.5,5,0
143561,58,96.25,5,0
143570,58,270.5,1,0
143574.5,59,379.5,1,0
143678,58,100,5,0
143691.5,58,298.75,1,0
143741,58,453.5,1,0
143763.5,58,426.75,1,1
143786,59,98.75,5,0
143804,58,379.5,1,0
143885,58,101,5,0
143993,59,99.75,5,0
144042.5,58,424.75,1,1
144060.5,58,97.25,5,0
144087.5,58,99,5,0
144164,59,99.25,5,0
144182,58,98.5,5,0
144209,58,151.5,3,1
144236,58,377,1,0
144308,59,281.75,1,0
144362,58,317.75,1,0
144362,58,255,2,0
144461,59,180,3,0
144524,58,204.5,2,0
144627.5,58,564.75,0,1
144726.5,59,122.25,4,0
144812,58,254,2,0
144821,58,100.25,5,0
144830,59,370.75,1,0
144861.5,58,399.25,1,0
144870.5,58,98,5,0
144920,58,128.25,4,0
144960.5,58,99,5,0
144987.5,58,149.5,3,0
145028,58,356.5,1,1
145041.5,58,99.5,5,0
145064,58,100.5,5,0
145086.5,58,269,2,0
145154,58,440.75,1,1
145176.5,58,202.75,2,0
145203.5,58,425.25,1,0
145248.5,58,177.25,3,0
145302.5,57,482.5,1,0
145424,57,308.25,1,0
145509.5,57,348,1,0
145554.5,57,378,1,0
145640,57,100,5,0
145662.5,57,99,5,0
145721,57,98.5,5,0
145757,57,99.5,5,0
145788.5,57,99,5,0
145842.5,58,424.5,1,0
145874,57,322,1,0
145941.5,57,99.75,5,0
146027,57,457.5,1,0
146049.5,57,278.25,1,1
146076.5,57,404.25,1,1
146103.5,57,101.5,5,0
146126,57,96,5,0
146202.5,57,120.75,4,0
146279,57,102.75,5,0
146418.5,57,301.75,1,0
146477,57,277.75,1,0
146540,57,299.75,1,0
146598.5,58,402.75,1,0
146621,57,273.75,2,0
146922.5,57,433.75,1,0
146922.5,57,249.5,2,0
147008,57,100.75,5,0
147021.5,58,251.75,2,0
147048.5,57,402.75,1,0
147071,58,104,5,0
147116,57,177,3,0
147138.5,57,101,5,0
147170,58,122,4,0
147278,57,298.5,1,0
147300.5,57,102,5,0
147318.5,57,99,5,0
147332,57,96.5,5,0
147350,57,500.75,1,0
147399.5,57,502.75,1,1
147426.5,57,98.5,5,0
147458,56,343.5,1,0
147485,57,98,5,0
147507.5,56,118.25,4,0
147611,56,122,4,0
147746,57,105.75,5,0
147957.5,57,243.5,2,0
147971,56,98.5,5,0
147984.5,56,305.75,1,1
147989,56,442.25,1,1
148038.5,56,392.75,1,1
148074.5,56,147.5,3,0
148083.5,56,271,1,0
148101.5,57,286,1,0
148128.5,57,100.25,5,0
148146.5,56,121.75,4,0
148178,56,124,4,0
148196,56,326.75,1,0
148205,56,369.25,1,1
148214,56,121.25,4,0
148241,56,102.5,5,0
148245.5,57,449.25,1,1
148290.5,57,410,1,1
148376,56,495.5,1,1
148380.5,56,271.75,2,0
148407.5,56,481.5,1,1
148479.5,56,325.25,1,0
148668.5,56,117,4,0
148704.5,56,455,1,0
148722.5,56,447.25,1,1
148785.5,57,102.5,5,0
148848.5,56,122.25,4,0
148929.5,56,102.75,5,0
149042,56,99.25,5,0
149069,57,99.25,5,0
149114,56,199.25,2,0
149325.5,56,99,5,0
149424.5,56,374,1,0
149541.5,56,280.75,2,0
149667.5,55,302.25,1,0
149699,55,366,1,1
149748.5,55,98,5,0
149762,55,326.25,1,0
149775.5,55,249.5,2,0
149780,55,258,2,0
149798,56,454,1,0
149834,55,224.25,2,0
149838.5,55,101.75,5,0
149928.5,55,424.75,1,0
149928.5,54,128.5,4,0
149964.5,55,129.75,4,0
150018.5,55,466.75,1,1
150068,55,121,4,0
150077,55,167.75,3,1
150135.5,54,404.25,1,0
150212,55,118.75,4,0
150311,55,96.5,5,0
150374,55,445.25,1,1
150392,55,201,2,1
150599,55,478.5,1,0
150644,55,427.25,1,1
150671,55,403.25,1,1
150779,55,151,3,0
150873.5,55,451,1,1
150882.5,55,281.25,1,0
151152.5,55,506.25,1,1
151229,55,101.75,5,0
151341.5,55,147.25,3,0
151458.5,55,441.25,1,1
151476.5,56,100.5,5,0
151503.5,55,473.25,1,0
151530.5,55,267.25,2,0
151584.5,55,97.75,5,0
151634,55,222.75,2,0
151710.5,56,97.75,5,0
151710.5,55,426.75,1,1
151715,55,368.25,1,1
151733,55,176,3,0
151917.5,54,418.25,1,1
151949,54,275.5,1,0
152187.5,54,99,5,0
152187.5,54,391,1,0
152201,54,124.75,4,0
152304.5,54,413.25,1,0
152385.5,54,352.25,1,1
152457.5,54,399.25,1,1
152691.5,54,126.5,4,0
152727.5,54,345.5,1,1
152741,54,250,2,0
152862.5,54,124,4,0
152988.5,54,277.25,2,0
153096.5,54,201,2,0
153407,54,103.5,5,0
153492.5,54,471.25,1,1
154037,54,153.75,3,0
154136,53,348.5,1,0
154185.5,54,391.25,1,1
154289,53,103.5,5,0
154379,53,122.25,4,0
154388,53,343.25,1,0
154388,53,104.5,5,0
154419.5,53,352.75,1,0
154437.5,54,105,5,0
154505,53,203,3,0
154559,54,393.5,1,0
154680.5,54,97,5,0
154721,53,445.75,1,1
154734.5,53,358.5,1,0
154811,54,122.5,4,0
154838,54,347.5,1,1
154851.5,54,125,4,0
154869.5,53,246,2,0
154878.5,53,264.25,2,0
154896.5,54,120.75,5,0
155022.5,53,167.25,3,0
155045,54,439.5,1,0
155085.5,54,102.5,5,0
155157.5,54,125,4,0
155202.5,53,102.5,5,0
155238.5,53,293,1,1
155364.5,53,505.5,1,1
155454.5,54,125,4,0
155463.5,54,274.5,2,0
155481.5,54,170,3,0
155490.5,53,470,1,0
155526.5,54,427.25,1,1
155531,53,120.75,4,0
155576,54,119.75,4,0
155630,53,297.25,2,0
155882,53,324.5,1,0
155891,54,125.75,4,0
155927,53,273.75,2,0
155945,53,125,4,0
156008,54,472.25,1,1
156224,53,122.25,4,0
156336.5,52,124,4,0
156359,53,462.75,1,1
156494,53,272,2,0
156575,53,273.25,2,0
156710,53,123.5,4,0
156809,53,249.25,2,0
156881,52,395.75,1,1
156908,53,104,5,0
157038.5,53,280.25,2,0
157043,52,503.5,1,0
157106,52,250.25,2,0
157236.5,52,355.25,1,0
157281.5,53,201,2,0
157461.5,52,450,1,1
157475,53,252,2,1
157628,53,480.75,1,1
157650.5,52,150.25,3,0
157668.5,52,99.5,5,0
157754,53,276.5,2,0
157826,52,524.25,1,1
157920.5,53,430,1,1
158042,52,331.25,1,0
158064.5,53,127.25,4,0
158127.5,52,500,1,1
158307.5,52,244,2,0
158406.5,52,168.5,3,0
158411,52,421.5,1,0
158474,52,127.25,4,0
158550.5,52,447,1,1
158577.5,52,104.25,5,0
158582,52,517.25,1,0
158604.5,52,457.75,1,0
158618,52,305.25,1,0
158631.5,52,349,1,0
158964.5,52,337.5,1,1
159086,52,348.75,1,0
159167,52,271.5,2,0
159261.5,52,203.25,2,0
159378.5,52,122,4,0
159477.5,52,379.5,1,0
159644,52,120.5,4,0
159788,52,280.25,2,0
159851,52,426,1,1
159855.5,52,506.75,1,1
159860,52,346.25,1,1
159941,52,126.5,4,0
160008.5,52,478,1,1
160116.5,52,463.5,1,0
160278.5,52,321.75,1,0
160283,52,368.5,1,0
160323.5,52,120.25,4,0
160332.5,52,526.75,1,0
160337,52,126.25,4,0
160350.5,52,331.5,1,0
160535,51,256,2,1
160751,51,474,1,0
160755.5,51,129,4,0
160764.5,51,201.25,3,0
160796,51,434.25,1,0
160913,51,370.25,1,1
161007.5,51,498.5,1,0
161021,51,101.25,5,0
161030,51,98.75,5,0
161079.5,51,281,2,0
161363,51,376.5,1,0
161574.5,52,126.25,4,0
161633,51,466,1,1
161655.5,51,375,1,0
161700.5,51,459.25,1,1
161705,51,123.25,4,0
162173,52,463,1,0
162209,51,252,2,0
162308,51,482,1,1
162375.5,51,307.75,2,0
162447.5,51,525.5,1,1
162515,52,124.25,5,0
162632,51,125,4,0
162879.5,51,493.75,1,1
162942.5,51,483.25,1,0
162983,51,272.25,2,0
162987.5,51,380,1,0
163311.5,51,412,1,1
163379,50,227,2,0
163527.5,51,444.25,1,0
163595,51,124.5,4,0
163694,51,171,3,0
163734.5,51,205.5,3,0
163752.5,51,453.5,1,1
163766,51,303.5,2,0
164022.5,51,394.25,1,0
164085.5,50,124,5,0
164108,51,122,4,0
164135,51,428,1,0
164405,51,173.5,3,1
164648,50,472,1,1
164733.5,50,471,1,0
164990,50,308,1,0
165003.5,50,416.25,1,0
165048.5,50,297.25,2,0
165098,50,454.75,1,0
165147.5,50,450.5,1,1
165264.5,50,347.25,1,0
165278,50,403.5,1,0
165323,50,462.75,1,0
165341,50,124.75,5,0
165359,50,379,1,0
165453.5,50,300.25,2,1
165575,50,472,1,1
165638,50,121,4,0
165818,50,127,5,0
165818,50,276.25,2,0
165822.5,50,175.25,3,0
165840.5,50,123.25,5,0
165872,50,445.5,1,0
165921.5,50,152,4,0
166020.5,50,502.25,1,1
166083.5,50,116.5,5,0
166106,50,150.5,4,0
166250,50,387.5,1,1
166308.5,50,469.25,1,1
166344.5,50,200.75,3,0
166376,50,119.5,5,0
166628,50,125.25,5,0
166736,50,201.5,3,0
166970,50,448,1,0
167325.5,50,276.75,2,0
167357,49,436.5,1,0
167366,49,196.5,3,1
167483,50,130,4,0
167537,49,441.75,1,1
167600,49,478.25,1,0
167717,49,394,1,0
167762,49,121.25,5,0
167847.5,50,123.5,4,0
167847.5,49,368.25,1,0
167892.5,50,121.5,5,0
167919.5,50,377,1,0
168180.5,49,297.75,2,0
168230,49,271.75,2,0
168360.5,49,449.75,1,0
168675.5,50,423.75,1,0
168689,50,347.5,1,0
168716,49,330.25,2,0
168765.5,49,283.5,2,0
168810.5,49,253,2,0
168846.5,49,278.25,2,0
168900.5,49,295,2,0
168914,49,121.75,5,0
168923,50,299.5,2,0
168927.5,49,128.75,5,0
168936.5,49,130,5,0
168981.5,49,250.75,2,0
169166,49,122.75,5,0
169400,49,453,1,1
169584.5,49,231.75,2,0
169715,48,119.5,5,0
169737.5,49,393.25,1,0
169787,48,120,5,0
169868,48,273.25,2,0
170052.5,48,509.5,1,0
170246,49,508.75,1,0
170444,49,407.25,1,0
170489,49,119.25,5,0
170489,49,533.25,1,0
170493.5,48,125.5,5,0
170511.5,49,126.5,5,0
170511.5,48,444,1,0
170606,48,128,5,0
170642,49,126.5,5,0
170925.5,49,395.75,1,1
171006.5,49,201.75,3,0
171024.5,49,123,5,0
171132.5,48,118.75,5,0
171146,49,475.25,1,0
171168.5,49,329,1,0
171222.5,48,124.5,5,0
171344,48,122.25,5,0
171384.5,48,300,2,0
171416,48,449.75,1,0
171524,48,125.75,5,0
171533,48,405,1,0
171731,48,123.5,5,0
171753.5,48,128.75,5,0
171816.5,48,446.75,1,0
171915.5,48,473.5,1,1
172001,48,131.5,5,0
172050.5,48,343.75,1,0
172271,48,473.75,1,0
172334,48,372,1,1
172658,48,293.75,2,0
172793,48,125.5,5,0
172869.5,48,132.5,5,0
172923.5,48,127.25,5,0
173081,48,205.75,3,0
173148.5,48,246,2,0
173261,48,376.5,1,0
173445.5,47,493,1,1
173580.5,48,400,1,0
173580.5,47,351.5,1,0
173819,47,122.25,5,0
173823.5,47,120.25,5,0
173913.5,47,123.25,5,0
173940.5,47,374.75,1,1
173981,48,127,5,0
174143,47,380.5,1,1
174161,48,372,1,0
174179,47,119.75,5,0
174309.5,47,128.5,5,0
174345.5,48,127.75,4,0
174345.5,47,404.5,1,0
174359,47,123.75,5,0
174363.5,48,126.75,5,0
174408.5,48,276.25,2,1
174480.5,47,211.75,3,1
174638,47,122.25,5,0
174651.5,47,124.75,5,0
174705.5,47,292.75,2,0
174723.5,47,122.75,5,0
175155.5,47,117.75,5,0
175173.5,47,121.25,5,0
175250,47,125.5,5,0
175286,47,122,5,0
175335.5,47,438.5,1,0
175475,48,429,1,1
175538,47,126.25,5,0
175641.5,46,348.75,1,0
175731.5,47,396.75,1,1
175758.5,46,122.25,5,0
175934,46,350,1,0
175965.5,47,121.25,5,0
175983.5,46,126.25,5,0
176078,47,249,2,0
176105,47,426.25,1,1
176105,47,290,2,0
176118.5,47,120.5,5,0
176370.5,47,420.5,1,0
176501,46,125,5,0
176564,46,271,2,0
176663,46,480.25,1,1
176672,46,128.25,4,0
176820.5,46,396,1,0
176825,47,512.75,1,0
176847.5,47,396,1,1
176865.5,46,497,1,1
176874.5,46,484,1,0
176915,47,521,1,1
176951,47,469.5,1,0
177068,46,421.75,1,0
177095,46,479.75,1,0
177248,46,401.75,1,0
177306.5,47,377,1,1
177369.5,47,126.5,5,0
177401,47,177,3,0
177563,46,122.75,5,0
177576.5,47,250,2,0
177720.5,46,509,1,0
177729.5,46,477.25,1,1
177738.5,46,347.5,1,0
177770,46,125,5,0
177981.5,46,191.25,3,0
178058,46,119.75,5,0
178094,46,368.75,1,0
178274,46,378,1,1
178301,46,257.25,2,0
178346,46,385.75,1,0
178359.5,46,130.5,5,0
178422.5,46,474.75,1,0
178494.5,46,448.25,1,1
178530.5,46,443.5,1,1
178719.5,46,131.5,5,0
178827.5,46,120.25,5,0
178935.5,46,281.25,2,0
179007.5,46,123.25,5,0
179061.5,46,354.75,1,1
179264,46,123.75,5,0
179502.5,46,394.25,1,1
179822,46,441,1,1
179840,45,130,5,0
179880.5,45,120.75,5,0
179889.5,45,451,1,1
179925.5,45,499.25,1,1
179984,45,123.75,5,0
180011,45,479.5,1,1
180065,45,375,1,0
180083,45,121.5,5,0
180195.5,45,475.75,1,1
180321.5,45,453.5,1,0
180380,45,179,3,0
180380,45,171,3,0
180384.5,45,127,5,0
180416,45,175,3,0
180416,44,470.5,1,1
180524,45,380,1,0
180537.5,46,395.5,1,0
180605,45,121.25,5,0
180641,45,128,5,0
180708.5,45,304.5,2,0
180861.5,45,126,5,0
181032.5,45,475.75,1,1
181068.5,45,127.25,5,0
181091,45,125.5,5,0
181113.5,45,125.75,5,0
181131.5,45,128,5,0
181154,45,225.25,3,0
181158.5,45,400.75,1,0
181172,45,125.5,5,0
181392.5,45,345.25,2,0
181518.5,45,506.5,1,0
181532,45,201.5,3,0
181689.5,44,130,5,0
181739,45,127,5,0
181797.5,44,373,1,0
181878.5,45,198.25,3,0
181901,44,126,5,0
181937,45,415.25,1,0
182004.5,44,347.5,2,0
182099,44,337.25,2,0
182171,44,129.75,5,0
182193.5,44,322,2,0
182229.5,44,125,5,0
182333,44,273,2,0
182571.5,44,518,1,0
182783,44,432.5,1,1
182841.5,44,127,5,0
182949.5,44,123.5,5,0
182976.5,44,409.25,1,0
183179,44,346.5,1,0
183201.5,44,127.25,5,0
183350,44,255.25,2,0
183377,44,251,2,0
183408.5,44,345.25,2,0
183458,44,122.5,5,0
183507.5,44,423.75,1,0
183647,44,471.5,1,0
183701,44,430.25,1,0
183840.5,44,445,1,1
183881,44,408.5,1,0
183908,44,374,1,0
183962,44,127.5,5,0
183975.5,44,420.75,1,0
184295,44,298.5,2,0
184403,44,484,1,0
184704.5,44,123.25,5,0
184709,44,273.25,2,0
184916,43,392,1,0
185073.5,44,301,2,0
185145.5,44,374.75,2,1
185177,44,396.75,1,0
185262.5,44,498.75,1,1
185321,43,123.75,5,0
185393,43,355.25,1,0
185411,44,391.75,1,0
185433.5,44,196,3,0
185667.5,44,211.5,3,0
185708,43,126.25,5,0
185771,44,226,3,0
185843,44,202,3,0
185852,43,492.75,1,1
185874.5,43,392.75,1,0
186131,43,416.5,1,1
186198.5,44,393,1,0
186279.5,43,126.75,5,0
186392,43,299.75,2,0
186428,43,125,5,0
186495.5,43,418.75,1,0
186558.5,43,435,1,0
186630.5,43,130.5,5,0
186756.5,43,411.75,1,1
187008.5,43,421.5,1,1
187076,43,130.25,5,0
187152.5,43,432.75,1,0
187157,43,268.75,2,0
187197.5,43,399.25,1,0
187206.5,43,125.5,5,0
187319,43,123.75,5,0
187328,43,124.5,5,0
187355,43,455,1,0
187499,43,284.25,2,0
187535,43,401.25,1,1
187661,43,450.25,1,0
187742,43,371.5,1,1
187778,43,128.75,5,0
187818.5,43,307,2,0
187980.5,43,127.25,5,0
188084,43,322.25,2,0
188093,43,127.75,5,0
188156,43,428,1,0
188403.5,43,447,1,0
188466.5,43,124.25,5,0
188498,42,129.25,5,0
188633,42,425.5,1,1
188633,42,125.25,5,0
188687,42,124,5,0
188700.5,42,330.75,2,0
188772.5,42,209.5,3,0
188799.5,42,504.75,1,1
189132.5,42,445.5,1,0
189276.5,42,244.75,3,1
189429.5,42,564.75,1,0
189452,42,295.25,2,0
189618.5,42,297.25,2,0
189663.5,42,443.75,1,0
189663.5,42,275,2,0
189762.5,42,445.25,1,0
189776,42,239.25,3,0
189830,43,128.25,5,0
189942.5,42,128,5,0
189960.5,42,322.5,2,0
189978.5,42,500,1,1
190055,42,284.75,2,0
190415,42,272.25,2,0
190455.5,43,377.5,2,1
190829,42,127.75,5,0
190968.5,42,472.75,1,1
191022.5,42,419,1,1
191090,42,124.25,5,0
191094.5,42,377.5,1,0
191112.5,42,265.5,2,0
191148.5,42,482.75,1,0
191180,42,395,1,0
191486,42,253.25,3,0
191513,42,367.5,2,0
191706.5,42,446.25,1,1
191751.5,42,375,2,0
191954,42,452.5,1,1
191967.5,42,320,2,0
192035,42,129,5,0
192093.5,42,330.5,2,0
192156.5,42,202.25,3,0
192305,42,132.25,5,0
192341,42,473.5,1,1
192440,42,274.75,2,0
192458,42,477.5,1,0
192539,42,405,1,1
193115,41,331.5,2,0
193146.5,41,405,1,0
193169,41,276.25,2,0
193457,41,346.75,2,0
193583,41,398.25,1,0
193610,41,378.75,2,0
193641.5,41,376,2,1
193695.5,41,322.5,2,0
193781,42,265.75,2,0
193817,41,220.75,3,0
193857.5,41,499.75,1,1
193947.5,41,198.5,3,0
194100.5,41,533,1,1
194316.5,41,422,1,0
194366,41,128.5,5,0
194424.5,41,421.75,1,0
194501,41,448.75,1,0
194541.5,41,268.25,2,0
194672,41,434,1,0
194676.5,42,125.75,5,0
194735,41,279,2,0
194888,41,453,1,1
194951,41,352.75,2,0
195351.5,41,471.5,1,0
195446,41,445.5,1,0
195590,41,454,1,1
195702.5,41,371.5,1,0
195752,41,297,2,0
195986,41,292.25,2,0
196076,41,495.75,1,0
196139,41,358,2,0
196260.5,41,345.25,2,0
196305.5,41,177.25,4,0
196355,41,365.25,2,0
196544,41,426.75,1,0
196814,41,354.5,2,0
197129,40,421.25,1,0
197345,40,344.25,2,1
197403.5,40,249,3,0
197435,40,180.5,4,0
197511.5,40,372,2,0
197637.5,40,471.25,1,1
197732,40,353.75,2,1
197826.5,40,434,1,0
198078.5,40,197,3,0
198227,40,174,4,0
198389,40,195.5,4,0
198434,40,302.75,2,0
198483.5,40,147.25,5,0
198663.5,40,322.5,2,0
198924.5,40,131.25,5,0
199145,40,424,1,0
199298,40,352,2,0
199329.5,39,499.25,1,0
199356.5,39,270.5,2,0
199365.5,39,380.75,1,0
199388,39,306.25,2,0
199392.5,40,371,2,0
199442,40,450,1,1
199487,39,326.25,2,1
200018,40,338,2,0
200090,39,399.25,1,0
200135,40,447,1,1
200324,39,304.25,2,0
200549,40,394,2,0
200625.5,40,130,5,0
200652.5,40,525,1,0
200706.5,40,219.75,3,0
200949.5,40,275,2,1
200985.5,40,324.25,2,0
201026,39,253.75,3,1
201143,40,516.5,1,1
201381.5,40,399.25,1,1
201422,40,396.5,2,0
201467,39,297.75,2,0
201480.5,39,278,2,0
201629,39,377.5,2,0
201656,39,305.25,2,0
201782,39,332,2,0
201881,39,199.5,4,0
201908,39,306,2,0
201921.5,39,197.25,3,0
202119.5,39,251.25,3,0
202169,39,450,1,0
202259,39,477,1,0
202592,39,408.75,1,0
202614.5,39,250.25,3,0
202727,39,484,1,1
202767.5,39,275.25,2,0
202875.5,39,492.75,1,0
202907,39,240.75,3,0
202907,39,416,1,0
202974.5,39,415.75,1,0
203046.5,39,304.5,2,0
203082.5,39,394.75,2,0
203289.5,39,254.25,3,0
203483,39,344.75,2,0
203784.5,39,304,2,0
203910.5,39,424,1,1
204027.5,39,352,2,0
204045.5,38,450.75,1,0
204099.5,39,312.25,2,0
204392,39,424.25,1,0
204414.5,39,225.5,3,0
204774.5,39,321.75,2,0
204896,39,377.75,2,0
205265,39,250.75,3,0
205593.5,39,227.75,3,0
205863.5,38,226,3,0
205886,38,382.75,2,0
205940,38,255.25,3,0
206030,38,428.5,2,0
206169.5,38,374.5,2,1
206304.5,38,409.75,2,0
206354,38,418.75,2,1
206367.5,38,203.25,3,0
206547.5,38,444.75,1,0
206759,38,256.75,3,0
206844.5,38,272.5,2,0
206858,38,245.25,3,1
207015.5,38,247.75,3,0
207069.5,38,409.5,2,0
207105.5,38,391,2,0
207209,38,355,2,0
207465.5,38,483.5,1,1
207479,38,410,2,0
207690.5,38,484.5,1,0
207924.5,38,423,1,0
207960.5,38,402.5,1,0
207987.5,38,322,2,1
207992,38,402.5,2,1
208122.5,38,500.25,1,0
208361,38,255.5,3,0
208406,38,380.5,2,0
208451,38,345.5,2,0
208518.5,38,367.75,2,0
208541,38,298,2,0
208550,38,503.75,1,1
208649,38,310.5,2,0
209409.5,38,473.25,1,1
209409.5,38,224,3,0
209544.5,38,219,3,0
209567,38,321,2,0
209643.5,38,429.75,1,0
209751.5,38,227.75,3,0
209841.5,38,279,3,1
209913.5,38,514,1,1
210017,38,373.75,2,0
210030.5,38,196.5,4,1
210548,38,168,4,0
210552.5,38,452.25,1,0
210755,37,486.75,1,1
210984.5,38,407.25,2,1
211020.5,38,480,1,1
211740.5,37,305,2,0
211749.5,37,442.25,1,0
212087,38,149,5,0
212195,38,390.25,2,1
212321,37,297.25,2,0
212519,37,250.75,3,0
212528,37,276.25,3,1
212852,37,474.75,1,0
213050,37,226.5,3,1
213185,37,428.75,2,0
213414.5,37,374.75,2,0
213644,37,426,2,0
213644,37,256.25,3,0
214062.5,37,362.25,2,0
214157,37,466,1,0
214175,37,325,2,0
214215.5,37,522,1,1
214634,37,475.5,1,0
214854.5,37,449.25,1,1
215133.5,37,355.25,2,0
215201,37,224.75,3,0
215246,37,251,3,0
215277.5,37,424.75,2,1
215282,37,450.25,1,1
215403.5,37,341.25,2,1
215484.5,37,535.25,1,0
215970.5,37,445.25,1,1
216074,37,452,1,1
216249.5,37,397.5,2,1
216249.5,37,523,1,0
216339.5,37,222.25,3,0
216357.5,37,374.25,2,0
216591.5,36,279.5,3,1
216614,37,426,2,0
216636.5,36,522.25,1,0
216776,36,496.25,1,1
216843.5,36,447.75,1,0
216879.5,36,448.5,1,1
216960.5,36,222.25,3,0
216965,36,318.5,2,0
217203.5,37,442,1,0
217253,36,274.25,3,0
217361,37,476.5,1,0
217370,37,403.5,2,0
217388,36,300,2,0
217428.5,36,429,2,0
217653.5,36,447.5,1,1
217667,36,225,3,0
217680.5,36,429.5,2,0
217847,36,455.5,1,0
217901,36,351.25,2,0
217914.5,36,429.5,1,0
218022.5,36,522,1,1
218063,37,269.25,3,0
218157.5,37,352.5,2,0
218279,36,293.75,2,0
218328.5,36,251.25,3,1
218333,37,541,1,0
218391.5,36,404.25,2,0
218724.5,35,215.25,3,0
218787.5,36,433.25,2,0
218823.5,36,296.5,3,0
218877.5,36,403.25,2,0
218918,36,446.25,1,0
219062,36,400.5,2,0
219129.5,36,408.5,2,0
219350,36,519.25,1,0
219372.5,36,380,2,0
219386,36,269.75,3,0
219390.5,36,310.75,2,0
219543.5,36,369.5,2,1
219809,36,429.5,2,0
219939.5,36,251.25,3,0
220205,36,293,3,0
220439,36,405.25,2,1
220502,36,380.25,2,0
220776.5,36,224,3,0
220794.5,36,465.75,1,1
221109.5,35,303.5,2,0
221145.5,35,479.5,1,0
221258,35,272.75,3,0
221379.5,35,278.5,3,0
221465,35,451.75,1,1
221546,35,522.75,1,0
221568.5,35,529.25,1,1
221951,35,376.75,2,0
222045.5,35,403,2,0
222086,35,332,2,0
222324.5,35,465,1,0
222419,35,493.5,1,0
222495.5,35,530.5,1,1
222558.5,35,285.75,2,1
222878,35,519.5,1,1
222878,35,419.75,2,1
223197.5,35,445.75,1,1
223242.5,35,205.5,4,0
223341.5,35,447.75,1,0
223706,35,376.5,2,0
223710.5,35,482.75,1,0
223764.5,35,467.75,1,1
223805,35,255,3,0
223850,35,245.25,3,0
223872.5,35,400.75,2,1
224466.5,35,521.75,1,0
224552,35,406.5,2,0
224669,35,435.75,2,0
224691.5,35,444,2,1
224741,35,313.25,2,1
224759,35,345.75,2,0
224849,35,221.25,4,0
224925.5,35,372,2,1
224988.5,35,445.75,2,1
225087.5,35,314,2,0
225344,34,421.5,2,0
225429.5,34,452.75,1,1
225465.5,34,373.75,2,0
225483.5,34,473,1,0
225497,34,279,3,0
225852.5,34,426.25,2,1
225983,34,188.5,4,0
226091,34,427.25,2,0
226208,34,444.75,1,1
226347.5,35,499.75,1,0
226424,34,473.75,1,1
226662.5,34,266.5,3,0
226869.5,35,254.5,3,0
226901,34,180.5,4,0
227103.5,35,272.5,3,0
227211.5,35,307.25,2,0
227301.5,34,374.5,2,1
227774,34,373.25,2,0
227859.5,34,424,2,0
227918,34,419.25,2,0
228129.5,34,450.5,2,0
228242,34,328,2,0
228516.5,34,368,2,0
228539,34,556,1,1
228539,34,506.75,1,1
228539,34,271.5,3,0
228782,34,270.75,3,1
228872,34,414.25,2,0
229056.5,34,470.5,1,0
229223,34,377.5,2,0
229344.5,34,475.5,1,0
229817,34,499.25,1,1
229974.5,34,364,2,0
230046.5,34,254.5,3,0
230177,34,449,2,1
230370.5,34,195,4,0
230451.5,34,478.5,1,0
230537,34,338.25,2,0
230735,34,299.25,3,0
230739.5,34,467.5,1,0
230798,34,277.75,3,1
230946.5,34,299,3,0
231005,34,376.25,2,0
231068,34,323.75,2,1
231099.5,34,193,4,0
231306.5,34,323.25,2,0
231311,34,348.75,2,1
231360.5,34,273.75,3,0
231482,34,462,2,0
231630.5,34,389.5,2,0
231662,34,456.25,2,1
231932,33,311.5,2,1
232107.5,33,239.25,3,0
232197.5,33,421.5,2,0
232562,33,454,2,1
232589,33,473.5,1,1
232760,34,281.5,3,0
232863.5,33,398.25,2,1
233156,33,445.5,1,1
233214.5,33,497.5,1,1
233237,33,404,2,0
233273,34,220.5,4,0
233768,34,270.25,3,0
233786,33,269.75,3,1
234119,33,283,3,0
234339.5,33,469.25,2,1
234524,33,446,2,0
234573.5,33,394.5,2,1
234816.5,33,280.5,3,0
234897.5,33,501.25,1,1
235140.5,33,271.5,3,0
235203.5,33,281.75,3,0
235262,33,505.25,1,1
235554.5,33,196.75,4,0
235613,33,475.75,1,0
235856,33,249,3,0
236094.5,33,432.25,2,0
236369,32,468,2,0
236373.5,33,381.5,2,0
236373.5,33,399.25,2,1
236436.5,32,498.25,1,0
236454.5,33,369.5,2,1
236549,33,352,2,0
236657,33,493.75,1,1
236891,33,248.25,3,0
237174.5,33,220.5,4,0
237309.5,33,396.5,2,0
237435.5,33,503.25,1,0
237449,33,350,2,1
237489.5,33,351.5,2,1
237710,33,352.75,2,0
237759.5,32,281.25,3,0
237944,33,300.75,3,0
237957.5,33,278.25,3,0
238106,32,450.75,2,0
238164.5,32,230,4,0
238200.5,32,377.5,2,0
238205,32,198,4,0
238286,32,377.75,2,0
238439,32,396.5,2,0
238461.5,32,357.75,2,0
238619,32,402.25,2,0
238821.5,32,496.5,1,1
238875.5,32,231,4,0
239015,32,449.5,2,0
239051,32,521.25,1,1
239100.5,32,180.75,5,0
239163.5,32,392.25,2,1
239474,32,421.5,2,0
239613.5,32,506.25,1,1
239622.5,32,429,2,0
239622.5,32,270,3,0
239753,32,345,2,0
239897,32,337.25,2,0
239982.5,32,277.25,3,0
240270.5,32,363.75,2,0
240315.5,32,394.5,2,1
240365,32,301.5,3,0
240387.5,32,479.5,1,1
240743,32,205.25,4,1
240797,32,373.75,2,0
240954.5,32,272.75,3,0
241382,32,265.5,3,0
241413.5,32,271.75,3,1
241431.5,32,320.5,3,0
241449.5,32,226,4,0
241629.5,32,475,2,0
241634,32,225.25,4,0
242039,32,422.25,2,1
242097.5,32,441.5,2,1
242309,32,520.25,1,1
242412.5,32,365,2,0
242444,32,402.75,2,0
242655.5,32,275,3,0
242781.5,32,479.25,2,0
243114.5,31,224.25,4,0
243132.5,31,340.5,2,0
243474.5,31,401.5,2,1
243515,31,532,1,1
243528.5,32,456.25,2,0
243560,31,396.5,2,0
244113.5,31,345.75,2,0
244302.5,31,178.75,5,0
244518.5,32,520.75,1,0
244563.5,31,360.5,2,0
244568,31,243.5,4,0
244703,31,514.75,1,1
244748,31,396,2,0
244748,31,475,2,1
244761.5,31,350.75,2,1
244856,31,327,2,1
244937,31,280.75,3,1
245832.5,31,452.25,2,0
245895.5,31,427.25,2,0
245918,31,477.75,2,1
245963,31,490.5,2,0
246017,31,301.5,3,0
246039.5,31,310.25,3,0
246075.5,31,353.5,2,0
246215,31,496.5,1,0
246305,31,492.5,1,1
246377,31,491.75,2,1
246458,31,424.5,2,0
247016,31,330.75,2,0
247200.5,31,369.75,2,1
247736,31,426.75,2,1
247826,30,395.75,2,0
247862,31,325,3,0
248199.5,30,248.75,4,0
248289.5,31,298.25,3,0
248330,31,493.25,2,0
248424.5,31,432.25,2,0
248438,31,271.25,3,0
248609,31,226.75,4,0
248712.5,31,259,3,1
248820.5,30,523.25,1,1
249113,30,178.5,5,0
249117.5,30,405.75,2,0
249216.5,30,231.5,4,0
249369.5,30,300,3,0
249378.5,30,408.5,2,0
249419,30,274.5,3,0
249581,30,245.75,4,1
249761,30,351.75,2,0
249801.5,30,248.25,3,0
249833,30,273.25,3,0
249860,30,251,4,0
249954.5,30,244,4,0
250031,30,425.75,2,1
250409,30,225.25,4,0
250409,30,284.5,3,0
250787,30,391.5,2,1
250845.5,30,224.25,4,0
250967,30,252.5,4,0
250985,30,524.75,1,1
251133.5,30,461,2,0
251169.5,30,361.25,2,1
251300,30,396.5,2,0
251318,30,410.25,2,0
251318,30,417.75,2,0
251565.5,30,224.25,4,1
251790.5,30,361.25,2,0
251858,30,376,2,1
251912,30,395,2,0
252537.5,30,260.75,3,0
252735.5,30,420.75,2,1
252740,30,325.5,3,0
252893,30,397.25,2,1
253005.5,30,203,4,0
253572.5,29,478,2,0
253626.5,30,452.5,2,0
253653.5,30,401.75,2,1
253784,30,352.25,2,1
253905.5,29,450.5,2,1
253995.5,30,502.5,2,0
254261,30,461.75,2,1
254279,29,410.5,2,0
254297,29,400.5,2,0
254355.5,29,299.25,3,0
254571.5,29,381.75,2,0
254684,30,471,2,0
254958.5,29,254.75,4,0
255206,29,423.75,2,0
255269,30,274.5,3,0
255647,29,218.5,4,0
255723.5,29,396.25,2,0
255732.5,29,405.5,2,0
255957.5,29,439,2,0
256128.5,29,448.25,2,0
256182.5,29,425,2,1
256272.5,29,347.5,2,0
256299.5,29,449.75,2,1
256353.5,29,455,2,0
256448,29,450.25,2,0
256461.5,29,277.5,3,0
256574,29,429.75,2,1
256997,29,418.5,2,0
257006,29,424.25,2,0
257055.5,29,276.75,3,0
257150,29,319.5,3,0
257244.5,29,376.75,2,1
257429,29,472,2,0
257649.5,29,302,3,0
257649.5,28,405.75,2,0
257784.5,28,425,2,1
258239,29,309.5,3,0
258248,29,394.75,2,0
258423.5,28,473.25,2,1
258599,29,403,2,0
258608,29,226.5,4,1
258608,28,279,3,0
258828.5,29,472.25,2,1
258864.5,28,276.5,3,0
258972.5,29,529.75,1,1
259067,28,340.75,2,0
259085,29,403,2,1
259103,29,450.5,2,0
259179.5,29,349.75,2,0
259256,29,360.5,2,0
259292,29,375.5,2,0
259346,29,472.5,2,1
259350.5,28,374.5,2,0
